Employee Id,Name,Gender,Age,Address,Salary (USD),Over Time Hours,Leave Days,Employee Level
1,Cynthia Stewart,Female,70,"99501 Jennifer Viaduct
Mitchellville, VI 14354",114049,0,19,Unknown
2,Derrick Roberts,Male,46,"0365 Steven Ville
New Kimberlyberg, OH 72503",18692,3,16,A1
3,Danielle Maddox,Female,62,"6693 John Lodge Suite 553
Wilsonberg, PA 08244",15262,4,6,A1
4,Caitlyn Murray,Female,61,"45295 Fox Drive Suite 884
South Andrea, SD 35114",55440,0,15,Unknown
5,Christopher Sandoval,Male,28,"81473 Jackson Green Apt. 267
South Joeport, SC 73225",61687,4,12,Unknown
6,Margaret Delgado,Female,39,"00381 Olson Union Apt. 755
North Rickyburgh, NE 01389",27273,1,10,A5-F
7,Krista Benson,Female,50,"6032 Amanda Lake
Cindyfort, PR 72482",28143,1,10,A5-F
8,Christopher Patel,Male,77,"600 Christopher Route Apt. 071
Lake Emily, AS 51837",50760,1,11,Unknown
9,Philip Walters,Male,54,"42138 Tran Port
South Sharon, IL 64503",18904,3,17,A1
10,Maria Green,Female,24,"378 Freeman Fields
Johnton, NM 29926",102799,1,19,Unknown
11,Rebekah Ortega,Female,77,"46189 White Gardens
Douglaschester, AS 54578",59990,3,12,Unknown
12,Tommy Meyer,Male,87,"Unit 7306 Box 9570
DPO AP 35281",9705,3,15,Unknown
13,Tammy Williams,Female,61,"Unit 3160 Box 8495
DPO AP 24037",25319,3,10,A5-F
14,Robert Phillips,Male,21,"0681 Alyssa Crossing Suite 757
East Brittanyburgh, HI 11769",111229,3,17,Unknown
15,Steven Contreras,Male,38,"Unit 3452 Box 2468
DPO AP 53979",118080,3,17,Unknown
16,Evelyn Coffey,Female,70,"26815 Tiffany Avenue
New Annaton, SC 02637",53077,2,14,Unknown
17,Jeremy Davenport,Male,23,"997 Howard Street
Jeremytown, NJ 91407",117012,4,10,Unknown
18,Jason Nelson,Male,44,"6919 Martin Keys
West Barry, WY 18897",116156,0,5,Unknown
19,Lisa Henderson,Female,88,"746 Jeremy Corner Apt. 510
Clarkeburgh, NC 54581",77130,3,20,Unknown
20,Melissa Rodriguez,Female,24,"997 Poole Oval
South Brandon, MT 36196",60980,4,19,Unknown
21,Douglas Hale,Male,66,"USCGC Hodge
FPO AA 93977",49534,2,14,Unknown
22,Jennifer Black,Female,35,"USNS Porter
FPO AA 20741",54224,2,17,Unknown
23,Jonathan Morgan,Male,53,"PSC 6037, Box 2352
APO AE 05650",50106,3,10,Unknown
24,Jason Robles,Male,47,"035 Rasmussen Island Suite 998
Matthewberg, OK 32133",24741,4,13,Unknown
25,Robert Horne,Male,45,"6438 Madeline Meadows
Port Jose, NV 03730",100999,1,13,Unknown
26,Timothy Sparks,Male,41,"85964 Blair Creek
Christophertown, NJ 03124",65694,2,1,Unknown
27,Aaron Atkins,Male,46,"887 John Isle Suite 643
Brownland, IN 41989",15820,1,16,A1
28,Steven Robinson,Male,77,"76486 Clay Ranch Apt. 765
New Hannahmouth, WY 66261",117594,2,7,Unknown
29,Catherine Parker,Female,72,"8345 Rodriguez Wall Apt. 424
Lake Robertview, NJ 98217",61322,3,7,Unknown
30,Richard Cooper,Male,56,"20217 Melinda Crest Suite 381
Lake Sharonmouth, NY 60639",104105,2,9,Unknown
31,Joshua Price,Male,70,"4832 Natalie Stream Suite 065
North Joshua, SC 45047",3702,3,19,Unknown
32,Brandon Gomez,Male,53,"3528 Smith Circles Apt. 112
Mckenziebury, WV 97013",18183,1,15,A1
33,Johnny Phillips,Male,21,"300 Joan Villages Apt. 394
Alanmouth, AR 37064",118410,0,17,Unknown
34,Michael Wright,Male,21,"Unit 4605 Box 4216
DPO AE 06773",25295,2,4,Unknown
35,Jim Stone,Male,58,"PSC 3222, Box 1092
APO AA 35734",78658,2,21,Unknown
36,Joanne Thomas,Female,76,"29886 Jones Run Apt. 846
New Raymond, PA 51776",25222,4,12,A5-F
37,Tiffany Andersen,Female,58,"8911 Sanchez Prairie
Ethanmouth, OK 93065",95635,2,18,Unknown
38,Phillip Pearson,Male,50,"4603 Burns Walk
Kimberlyhaven, PR 44804",88957,4,2,Unknown
39,Mr. Fred Sanchez,Male,66,"2187 Norman Shoal Suite 312
North Jenniferside, SC 89003",23323,2,13,Unknown
40,Scott Alexander,Male,23,"1780 Davis Club Apt. 184
Cassandrafurt, OK 15115",113059,2,6,Unknown
41,David Harrell,Male,65,"PSC 3553, Box 3960
APO AE 13050",95263,3,12,Unknown
42,Rebecca Allen,Female,81,"13148 Joseph Terrace Suite 111
Ruthville, AS 81163",75325,2,13,Unknown
43,Christopher Lee,Male,40,"509 Kimberly Curve Suite 556
Brianborough, DC 79941",85403,2,17,Unknown
44,Tyler Schultz,Male,31,"256 Jamie Harbor
East Keith, CO 51110",94457,3,7,Unknown
45,Ryan Cook,Male,28,"307 Caldwell Ports
West Connortown, GA 07566",47255,4,17,Unknown
46,Alan Robertson,Male,84,"64663 Liu Circle
Pricebury, PW 23490",48801,0,4,Unknown
47,Charles Sherman,Male,26,"57705 William Streets
East Ian, WV 15131",51731,0,18,Unknown
48,Brandi Pena,Female,85,"37123 Morgan Trace
Timothytown, VT 64927",48840,4,13,Unknown
49,Patrick Frazier,Male,45,"20815 Reed Village
Rileyview, FM 63496",89272,4,3,Unknown
50,Rodney Guerrero,Male,33,"2150 Anthony Path Suite 535
Lake Shelby, AR 31514",30189,4,8,Unknown
51,Christina Moore,Female,72,"32723 Daniel Crossroad
Brittanyborough, FM 60558",80552,0,7,Unknown
52,Regina Harvey,Female,66,"184 Guzman Rapids
Alexborough, OK 28691",36577,0,10,Unknown
53,Tammy Pineda,Female,69,"40652 Martin Run
Port Kimberlyburgh, NE 64716",25401,3,5,A5-F
54,Erica Johnson,Female,85,"470 Rodriguez Via
Shawnmouth, MT 69854",31030,2,8,Unknown
55,Timothy Edwards,Male,25,"12982 Linda Cove
Rubenshire, AK 96276",8202,4,18,Unknown
56,Daniel Smith,Male,89,"37381 Andrea Underpass
Lake Melissachester, NM 02102",32678,1,2,Unknown
57,Rebecca Long,Female,89,"321 Allen Knolls
Amyside, MD 52630",38519,4,11,Unknown
58,Brian Hunt,Male,69,"304 Lisa Summit Apt. 166
Joshualand, RI 04834",99846,3,7,Unknown
59,Ian Contreras,Male,67,"095 Steven Avenue
South Valerieberg, MO 79262",38648,1,1,Unknown
60,Monica Santos,Female,84,"9141 Craig Shore
Port Scott, GA 89193",100341,3,17,Unknown
61,Donna Cobb,Female,76,"3243 Kristen Branch
Monicaview, IN 71212",47659,1,14,Unknown
62,Robert Foster,Male,21,"49875 Sanchez Hills
Barbaraview, HI 07667",15098,2,19,A1
63,Casey Williams,Male,36,"18328 Rebecca Glens
Rodriguezfurt, ID 12304",77347,1,19,Unknown
64,Dale Martin III,Male,70,"2184 Michael Lakes Suite 771
Lake Kimberlyville, WV 13546",32030,1,19,Unknown
65,David Hernandez,Male,49,"USNS Bird
FPO AP 86622",6489,1,3,Unknown
66,Joshua Simpson,Male,25,"24486 Nathan Landing
South Terrishire, CO 72593",90741,3,13,Unknown
67,Keith Day,Male,30,"6048 Yvonne Village Apt. 380
East Sarah, RI 27121",42801,0,8,Unknown
68,Pamela Garcia,Female,33,"Unit 0269 Box 5390
DPO AA 92800",88375,0,16,Unknown
69,Joseph Torres,Male,73,"04723 Andrew Crossing
West Julietown, OH 84386",115062,4,17,Unknown
70,Denise Reese,Female,29,"44335 Steven Divide Apt. 862
New Jasonville, OR 21359",36004,3,8,Unknown
71,Mark Dunn,Male,84,"738 Valerie Estates
Brownton, CA 30843",114815,4,12,Unknown
72,Austin Kelley,Male,84,"50153 Mcclain Loaf Suite 450
South Tammy, FL 94244",27596,4,10,Unknown
73,James Reynolds,Male,88,"2479 Beth Camp Apt. 701
Lindseyview, VI 40295",33820,3,20,Unknown
74,Christine Cohen,Female,76,"264 Mcclure Radial Suite 327
Stevensview, CA 94743",55235,1,14,Unknown
75,Nicholas Burke,Male,61,"USNS Bonilla
FPO AA 18665",35581,2,10,Unknown
76,Victoria Moss,Female,74,"632 White Islands
Copelandport, TX 45556",12430,3,8,A1
77,Mark Curry,Male,38,"6322 Lee Mount Suite 510
East Michael, HI 59651",83727,2,18,Unknown
78,Lindsey Henderson,Female,45,"4472 Cuevas Valley Apt. 066
Doylehaven, NC 37467",51236,0,14,Unknown
79,Jacqueline Williams,Female,83,"483 Benson Wall Suite 810
Davidtown, DE 41291",15006,4,18,A1
80,Alan Lewis,Male,85,"8890 Fields Corners Apt. 767
West Brittanyshire, MH 48638",95466,0,9,Unknown
81,Robert Johns,Male,49,"272 Cobb Highway Suite 447
Lake Victoriabury, VI 78731",88343,0,13,Unknown
82,Tiffany Tucker,Female,65,"028 Cooper Forest
Port Leroyview, NJ 05098",58243,3,9,Unknown
83,Mrs. Laura Duncan,Female,74,"150 Emily Fall Suite 271
Lake Donaldstad, GA 65180",46335,1,9,Unknown
84,Adam Garcia,Male,86,"7023 Eric Island Suite 696
Hartfort, KY 01390",40392,1,17,Unknown
85,Hannah Brown,Female,21,"Unit 6508 Box 0655
DPO AP 12069",91599,1,18,Unknown
86,Jesse Mccarthy,Male,87,"3034 Owens Drives
West Edwardbury, NC 54807",75752,1,21,Unknown
87,Emily Coleman,Female,76,"95890 Pace Court Apt. 383
Vazquezshire, NH 48592",101857,2,20,Unknown
88,Andrew Bell,Male,22,"4497 Moore Union
North Jamesborough, NJ 02229",80615,4,15,Unknown
89,Mrs. Samantha Weeks,Female,75,"295 Carl Park
Phillipberg, ND 63522",119470,1,17,Unknown
90,Jesse Middleton,Male,32,"49649 Evans Ways Suite 443
West Jenniferchester, KY 01502",81642,0,15,Unknown
91,Jill Thomas,Female,47,"1168 Patricia Track
Port Aaron, MI 89278",57031,3,18,Unknown
92,Gilbert Bailey,Male,75,"442 Pamela Cliff Apt. 591
Pinedaburgh, GA 23443",19497,3,11,A1
93,Jon Taylor,Male,35,"052 Liu Loaf Apt. 813
Tonyabury, MD 37442",103785,1,6,Unknown
94,Jennifer Nielsen,Female,51,"9557 Christopher Crest Suite 207
Chelseaton, HI 43603",4263,3,17,Unknown
95,Susan Summers,Female,68,"5984 Zuniga Spring
Port Patricia, VT 58246",97634,0,7,Unknown
96,Amy Banks,Female,55,"7809 Michelle Ports
Jamesshire, SC 78774",28013,4,15,A5-F
97,Brandi Johnston,Female,68,"8403 David Burg Apt. 020
Susanchester, SD 05224",53949,4,8,Unknown
98,Elizabeth Adams,Female,65,"2090 Edwards Mills Suite 666
Jacobsfurt, MN 82700",104695,1,15,Unknown
99,Luke Buck,Male,32,"29025 Spencer Forks
South Scott, VI 46145",112448,1,12,Unknown
100,Mr. William Bender,Male,81,"72840 Taylor Harbors Suite 906
Brucefort, CO 40918",10907,2,12,A1
101,Courtney Chen,Female,23,"PSC 0634, Box 2304
APO AP 43028",19259,3,11,A1
102,Christine Owen,Female,86,"1224 Mora Ways
Hannahport, KS 87100",50965,4,4,Unknown
103,Joel Hoover,Male,85,"6459 Palmer Pine Apt. 480
Port Christian, MD 90203",81737,2,12,Unknown
104,Walter Saunders,Male,87,"647 Oconnell Union Apt. 209
New Lawrence, MN 79198",32067,4,5,Unknown
105,Andrea Mayo,Female,87,"990 Douglas Harbor Suite 116
West Johnburgh, AS 99535",72681,3,9,Unknown
106,Heather Sims,Female,55,"27488 Clark Drive
Saundersport, VI 19040",96716,2,16,Unknown
107,Christopher Walters,Male,20,"USS Williamson
FPO AE 94616",18186,3,12,A1
108,Mrs. Katrina Johnson,Female,43,"7720 Kendra Plains
Hinesmouth, ND 03854",64989,4,4,Unknown
109,Rebecca Stuart,Female,27,"596 Scott Falls
Port Erin, SC 86058",38642,0,21,Unknown
110,Andres Mcknight,Male,44,"Unit 0657 Box 2381
DPO AA 50068",51218,2,21,Unknown
111,Evan Brown,Male,48,"2649 Alan Way Suite 445
Lake Staceyburgh, ME 60928",102006,4,19,Unknown
112,Bill Browning,Male,20,"706 Davis Street
South Michellemouth, AR 29525",72472,0,9,Unknown
113,Gina Roberson,Female,58,"04055 Edward Shoal
Port Sherrychester, TN 28307",59466,2,1,Unknown
114,Chad Thompson,Male,73,"194 Mitchell Crescent
North Jakeport, MH 21694",59767,3,14,Unknown
115,Gabriella Poole,Female,78,"371 Alyssa Bridge
Lake Adamborough, FL 78407",63919,4,15,Unknown
116,Mandy Bradley,Female,76,"549 Sheri Bridge
South Dennisburgh, MA 41024",114636,4,5,Unknown
117,Elizabeth Anderson,Female,72,"3321 Carter Oval
West Phillipstad, AK 89101",44421,3,12,Unknown
118,Mrs. Karen Collins,Female,29,"271 Christopher Terrace Suite 869
Jonathanhaven, DC 57314",75110,3,6,Unknown
119,Christopher Lin,Male,57,"166 Melissa Turnpike Apt. 648
West Justinberg, SC 79492",17357,4,9,A1
120,Matthew Casey,Male,51,"115 Martinez Dale Apt. 425
New Dale, WA 71531",68421,1,19,Unknown
121,Mr. Cody Torres,Male,72,"162 Sweeney Ways Suite 303
Lake Jamesbury, PR 89142",65001,4,6,Unknown
122,James Salas,Male,25,"37014 Tiffany Views
Lake Nancyborough, AS 80442",36466,1,21,Unknown
123,Joseph Morrison,Male,73,"813 Calhoun Center Apt. 331
Lake Stephanieview, IL 52334",81815,3,4,Unknown
124,Holly Kelly,Female,51,"285 Williams Mission
East Victoria, TX 55276",88326,2,15,Unknown
125,Crystal Chang,Female,51,"367 Flynn Track
Tranfort, OH 93050",65551,4,6,Unknown
126,Jessica Sanders,Female,66,"764 Aaron Mews
Lake Brandiport, CT 36296",92856,4,18,Unknown
127,John Holmes,Male,22,"5636 Sharon Spurs Apt. 983
Davidberg, HI 78693",6252,2,14,Unknown
128,Timothy Adams,Male,33,"449 Ronald Stravenue Suite 671
North Natalie, NE 72284",29097,2,5,Unknown
129,Jose Contreras,Male,34,"169 Michael Lodge Apt. 034
Shannonberg, NH 04986",7680,1,16,Unknown
130,Katrina Johnson,Female,45,"3711 Patricia Rue Suite 331
East Andrea, MO 95093",106201,4,7,Unknown
131,Tanner Russell,Male,56,"482 Smith Glens
Port Anthony, NC 59886",83719,2,19,Unknown
132,Thomas Gibson,Male,72,"Unit 5753 Box 3921
DPO AE 66983",114366,4,10,Unknown
133,Amy Ellis,Female,30,"USNS Lozano
FPO AP 18533",106314,0,4,Unknown
134,April Williamson,Female,66,"8757 Joseph Inlet Suite 076
East Melissa, UT 56368",34073,1,19,Unknown
135,Michelle Chase,Female,25,"7738 William Isle Apt. 532
North Andrea, MD 18904",17742,4,3,A1
136,Alexander Cortez,Male,71,"4888 Alexander Run
Haynesberg, CA 87547",112737,3,7,Unknown
137,Michael Rivera,Male,80,"4347 Smith Ridge Apt. 984
Rossview, MH 83855",116293,1,4,Unknown
138,Mark Hall,Male,65,"76598 Clark Branch
East Lauraberg, MS 29801",2829,2,12,Unknown
139,Christina Pena,Female,84,"PSC 2227, Box 8253
APO AP 07089",68482,0,1,Unknown
140,Angelica Hanson,Female,52,"7175 Holly Road
Nelsontown, MA 79571",36435,4,11,Unknown
141,Shelley Burton,Female,40,"12568 Christopher Crossroad Suite 069
Thomasbury, MA 41305",71474,2,13,Unknown
142,Rebecca Simmons,Female,37,"9982 Ricardo Course
West Christopherstad, MS 26875",51752,1,17,Unknown
143,Danielle Chavez,Female,86,"969 Wheeler Path Suite 849
Stevenberg, FL 28752",80816,2,13,Unknown
144,Teresa Berry,Female,83,"281 Baker Loop
North Rachel, SC 14520",37490,3,3,Unknown
145,Kimberly Kelly,Female,88,"813 Anthony Loop
Elizabethberg, WI 77550",33412,4,12,Unknown
146,Michelle Ross,Female,77,"475 Lawson Heights
North Maria, AS 56659",93920,1,6,Unknown
147,Megan Carter,Female,39,"PSC 3293, Box 0094
APO AE 12087",68663,3,10,Unknown
148,Paul Taylor,Male,70,"593 Alicia Extension
Amyview, KY 41812",51802,2,13,Unknown
149,Allison Gregory,Female,70,"58204 Clark Ville Suite 578
Lake Heidi, AZ 44050",57592,3,8,Unknown
150,Paula Rodriguez,Female,48,"741 Saunders Freeway
Port Troyburgh, WV 42530",57433,2,8,Unknown
151,Taylor Taylor,Female,71,"4586 Carney Isle Suite 734
Port Bryanside, NC 86933",13204,0,17,A1
152,Gary Archer,Male,45,"479 Rebecca Branch Suite 164
New Brianchester, AL 50746",36820,1,5,Unknown
153,William Hill,Male,89,"9256 West Forges
Codyberg, CT 28171",23411,1,6,Unknown
154,Natasha Baker,Female,85,"44661 French Trace Suite 004
Rogersshire, GU 19958",44790,1,6,Unknown
155,Jonathan Thomas,Male,69,"6374 Troy Road
Yorkchester, VI 63565",48890,0,4,Unknown
156,Linda Ortega,Female,32,"011 Elliott Streets
Lake Jenniferbury, DE 53508",114327,4,4,Unknown
157,Stephanie Watson,Female,89,"09559 Carla Prairie
Daletown, NE 69457",10403,4,20,A1
158,Jasmine Cook,Female,62,"243 Johns Oval Suite 267
Lake Sean, VI 90898",31879,1,21,Unknown
159,Karen Weaver,Female,33,"194 Swanson Neck
Lake Tara, MT 53414",89763,1,14,Unknown
160,Lisa Edwards,Female,85,"249 Elizabeth Overpass Apt. 038
New Caitlin, IL 88709",8475,4,19,A5-F
161,Lawrence Petersen,Male,27,"11580 Lisa Street
North Wyatt, KS 50346",99078,0,14,Unknown
162,Brenda Jones,Female,48,"Unit 6766 Box 3929
DPO AE 16372",73701,4,18,Unknown
163,Marc Benson,Male,39,"097 Jones Fort Apt. 066
Franklintown, LA 32368",70017,1,9,Unknown
164,Marcus Lara,Male,80,"Unit 1650 Box 9517
DPO AE 81845",28434,2,12,Unknown
165,Catherine Owens,Female,77,"8388 Newton Walks Suite 758
Port Gregory, DC 66844",28236,4,20,A5-F
166,Blake Horne,Male,56,"42143 Joseph Mission Suite 985
East Thomasmouth, UT 32048",83460,3,3,Unknown
167,Jeremy Murphy,Male,27,"620 Boyd Drive Suite 882
New Nicholeville, WY 71921",84033,3,6,Unknown
168,Christina Berry,Female,41,"962 Smith Haven
Port Danielle, HI 90646",19676,0,10,A1
169,Dana Taylor,Female,45,"Unit 1636 Box 9605
DPO AA 77010",16408,3,4,A1
170,Jacob Johnson,Male,87,"69397 Julie Turnpike Suite 820
Schneiderfurt, MS 33492",111569,4,13,Unknown
171,Brenda Bowman,Female,74,"59593 Douglas Throughway
South Vanessa, WV 95543",117001,4,2,Unknown
172,Michael Gonzales,Male,41,"28082 Powell Valley
East Ryantown, NC 61117",68668,4,5,Unknown
173,Linda Alexander,Female,56,"367 Hogan Ports Suite 561
East James, WY 80676",31671,1,16,Unknown
174,Krista Hammond,Female,28,"6120 Fields Plaza
Lake Jason, AZ 94685",81219,0,14,Unknown
175,Timothy Moore,Male,72,"892 Hoffman Passage Apt. 549
North Robert, WA 32704",49788,0,10,Unknown
176,Kathryn Owens,Female,22,"5204 Hernandez Streets
West Jamesshire, SC 14205",65435,0,21,Unknown
177,Kathryn Underwood,Female,36,"104 Buchanan Islands Suite 631
Port Amyville, AZ 30787",79977,3,17,Unknown
178,Krystal Vance,Female,47,"43038 Walker Summit
Isaiahshire, TX 81740",1617,2,13,Unknown
179,Cindy Little,Female,68,"253 Huang Trail Apt. 463
Cunninghamland, FL 51430",93896,3,8,Unknown
180,Beth Avery,Female,43,"40951 Garcia Unions
Duranburgh, PW 33024",71726,4,1,Unknown
181,Dr. Debra Bailey,Female,69,"7228 Johnson Grove
Port Judyberg, TX 22163",23005,0,8,A5-F
182,Frank Smith,Male,58,"9853 Kimberly Mount Apt. 577
Jeffreyburgh, TN 08363",18561,0,2,A1
183,Steven Gutierrez,Male,79,"078 Lindsay Dale Suite 705
New Elizabeth, VT 66669",106305,3,21,Unknown
184,Jessica Lopez,Female,35,"USS Grimes
FPO AP 17148",91447,4,15,Unknown
185,Robin Clayton,Female,82,"647 Craig Extension
Amandaborough, UT 59052",31593,2,21,Unknown
186,Mr. Andrew Walker,Male,33,"Unit 1880 Box 3919
DPO AA 61143",110119,4,8,Unknown
187,Jesse Wolfe,Male,29,"3660 Cynthia Lock
Williammouth, NM 65166",22816,4,6,Unknown
188,Rhonda Holmes,Female,89,"61738 Tracy Overpass
Boothville, NE 78751",41106,4,14,Unknown
189,Richard Werner,Male,55,"657 Carlos Villages
Spencerside, MO 55978",55374,0,15,Unknown
190,Mr. Derek Williams MD,Male,21,"13126 Matthew Turnpike Suite 447
Port Joshuahaven, TX 26456",8630,4,17,Unknown
191,James Austin,Male,38,"0222 Boyer Knoll
South Adam, CA 76068",16251,4,6,A1
192,Ashley Brooks,Female,75,"0009 William Turnpike
Herreramouth, LA 90338",16442,2,18,A1
193,Thomas Davis,Male,70,"486 White Manors Suite 990
Cannonchester, ME 24155",48904,0,2,Unknown
194,Robin Mendoza,Female,41,"2158 Stephanie Forks
North Johnshire, AR 66010",46375,0,4,Unknown
195,Dustin Smith,Male,77,"56574 Duane Station
Danielview, AK 34753",57648,3,21,Unknown
196,Sara Cunningham,Female,31,"274 Amy Key
New Annafort, NC 38881",2205,1,16,Unknown
197,Eric Bradley,Male,87,"021 Mitchell Inlet Suite 240
Moorechester, AL 28025",68765,0,15,Unknown
198,Brittany Roberts,Female,84,"158 Chavez Summit
Hansenmouth, NE 34200",114787,0,20,Unknown
199,Tami Benson,Female,54,"770 Massey Pines Apt. 065
Jonesmouth, CA 75217",59454,0,13,Unknown
200,Charles Lara,Male,40,"USS Parks
FPO AA 58294",70069,3,12,Unknown
201,Kenneth Torres,Male,30,"5055 Victoria Rue Apt. 182
South Charles, AZ 24574",73733,2,5,Unknown
202,Brandon Hardy,Male,85,"9845 Chavez Fort
South Nicholas, VT 99925",71090,1,10,Unknown
203,Andrew Perez,Male,74,"51863 Wayne Burg Apt. 860
Hendersonburgh, NC 40639",112214,3,4,Unknown
204,Mckenzie Hill,Female,49,"377 Linda Flat Apt. 029
New Johnland, IN 95220",45185,2,19,Unknown
205,Jessica Harris,Female,44,"570 Flores Glens Suite 531
Parksburgh, MT 53603",12896,4,13,A1
206,Marco Hernandez,Male,38,"5650 Patel Union
Ramirezbury, NY 10128",90851,3,16,Unknown
207,David Allen PhD,Male,21,"66090 Gonzalez Isle Apt. 477
North Joannastad, DE 72170",70891,0,9,Unknown
208,Lisa Williams,Female,68,"43051 James Roads Apt. 448
Brandonfurt, AZ 98105",104629,3,4,Unknown
209,Kristen Mendoza,Female,48,"56662 Gutierrez Wells Apt. 311
Lake Johnton, CA 05724",55594,0,21,Unknown
210,Kyle Green,Male,64,"322 Sabrina Corners Suite 655
Emilybury, ND 89359",5887,2,17,Unknown
211,Sandra Bryant,Female,42,"5127 Horn Villages Suite 240
East Martinville, CA 85434",61239,3,17,Unknown
212,Crystal Hernandez,Female,22,"96355 Lisa Overpass Apt. 683
Curtisville, NE 97768",17786,3,1,A1
213,Nicole Olson,Female,88,"97226 Shepard Drive
Kennethtown, TN 34553",43502,3,15,Unknown
214,Kelly Stevens,Female,64,"8362 Carey Passage
West Danielleville, GA 70691",105556,3,20,Unknown
215,Terry Martin,Male,22,"564 Hernandez Vista
Valentinemouth, IL 78840",64592,3,19,Unknown
216,Kendra Gay,Female,51,"196 Andrea Fall
Aaronfurt, AZ 44055",4619,1,17,Unknown
217,Michael Williams,Male,29,"09062 Schultz Place
Wellschester, AZ 11995",65638,1,20,Unknown
218,Michelle Norris,Female,20,"54092 James Ferry
Kimmouth, UT 34311",94563,1,13,Unknown
219,Justin Medina,Male,27,"92853 Moore Port Suite 427
Douglasberg, OR 96655",23235,3,11,Unknown
220,Diana Morales,Female,20,"685 Wendy Fall Apt. 744
Kanefurt, WA 73064",80388,0,8,Unknown
221,Brian Miller,Male,39,"38588 Landry Trail Apt. 475
Debraview, TN 64473",118232,3,18,Unknown
222,Crystal Stephens,Female,37,"46313 Stephanie Radial Apt. 286
Crystalview, NC 37160",100157,1,6,Unknown
223,Jennifer Gibson,Female,77,"0559 Mark Oval
Jessehaven, NC 82491",45930,3,17,Unknown
224,Audrey Lynch,Female,69,"5230 Colin Stream
Lake Cassandra, CO 55743",25248,2,5,A5-F
225,Monica Baker,Female,43,"898 Phillips Circles Suite 116
East Josephville, OH 93121",79564,4,8,Unknown
226,Scott Martin,Male,66,"341 Patterson Island Apt. 855
Thomasmouth, NM 50649",56343,3,3,Unknown
227,Randy Rhodes,Male,65,"13198 Berry Overpass
Kathrynport, NV 42090",94716,2,18,Unknown
228,Michael Lopez,Male,67,"273 Shaw Junctions
Chelseatown, AR 54096",31681,2,16,Unknown
229,James Lopez,Male,38,"5928 Jeremy Park Apt. 616
Port Alexandratown, MI 45761",39401,0,3,Unknown
230,Kevin Lewis,Male,70,"3716 Andrew Mountain Apt. 129
New Kimberly, WV 82532",101438,1,14,Unknown
231,Leslie Snyder,Female,51,"81859 Gonzales Drive Apt. 061
Port Jessica, HI 18720",96877,0,18,Unknown
232,Christopher Garrison,Male,51,"706 Laura Ridge
Sarahhaven, NV 12735",86241,1,7,Unknown
233,Alisha Fritz,Female,23,"29739 Price Lights Suite 560
Lake Sean, AK 91281",70577,0,12,Unknown
234,Dennis Hopkins,Male,66,"PSC 4522, Box 6528
APO AE 88048",64856,0,4,Unknown
235,George Cervantes,Male,47,"89636 Wilson Trail Apt. 263
West Patrick, AZ 54808",115058,4,1,Unknown
236,Dennis King,Male,40,"0458 Donna Crossing
Kimberlymouth, MN 48559",17931,4,1,A1
237,Jason Hammond,Male,67,"784 Carr Orchard
New Justin, CT 99076",20673,1,11,Unknown
238,April Horton,Female,29,"266 Rachel Garden Apt. 029
East Richard, AS 73179",51814,2,7,Unknown
239,Mrs. Mary Turner,Female,30,"76938 Higgins Turnpike
Nicoleborough, WI 34173",43472,3,12,Unknown
240,Brandon Lopez,Male,55,"6682 Galvan Path
South Kelsey, TN 07272",16730,1,9,A1
241,Charles Fox,Male,28,"331 Harris Island Apt. 286
Josephhaven, MD 37502",71438,0,19,Unknown
242,Heather Collins,Female,20,"1626 Juan Loaf Apt. 743
Rachelside, NC 13105",115256,3,16,Unknown
243,Joshua Roberson,Male,23,"5010 Denise Park
North Patrick, PA 16901",76057,2,8,Unknown
244,Christopher Peterson,Male,26,"66219 Hayes Manors Suite 946
Lake Alexanderburgh, DE 48604",74086,3,2,Unknown
245,Miss Krista Hernandez,Female,24,"1659 Michael Ranch
Cummingschester, LA 46633",11963,4,6,A1
246,Erik Jones,Male,32,"36187 Lee Lights Suite 289
East Rachelfort, HI 26805",117716,0,18,Unknown
247,Jessica Jackson,Female,87,"59881 Underwood Ville Suite 559
Rickeyville, VT 48106",19964,4,2,A1
248,Kathryn Cortez,Female,26,"2495 Phillip Motorway Suite 032
New Pamelaport, LA 97328",65871,4,6,Unknown
249,Blake Johnson,Male,78,"044 Donald Park
South Marytown, WA 65044",108802,0,17,Unknown
250,Alicia Roberson,Female,41,"56324 Brandy Pike
North Edward, MS 56320",72929,1,21,Unknown
251,Julie Garcia,Female,61,"12573 Sutton Crescent Suite 811
Elizabethshire, NH 36357",104871,1,18,Unknown
252,Robin Harper,Female,48,"362 Russell Islands
Mathismouth, VT 10859",92787,3,19,Unknown
253,Mary Long,Female,83,"571 Grimes Harbor Apt. 106
Davidville, HI 72994",76647,4,8,Unknown
254,Aaron Simon,Male,75,"433 Hector Locks
Sandersborough, AS 71319",36427,1,5,Unknown
255,Mark Diaz,Male,56,"696 Morales Row
Lucasmouth, MI 65610",23890,1,16,Unknown
256,Ryan Jackson DDS,Male,47,"53939 Cannon Highway
North Jeffrey, DC 36945",9475,3,21,Unknown
257,Angela Johnson,Female,25,"639 Lee Street Apt. 155
Paulborough, AS 87731",8675,0,3,A5-F
258,David Mills,Male,48,"Unit 9069 Box 2096
DPO AA 48856",31725,2,14,Unknown
259,Michelle Farmer,Female,28,"28496 Juan River Apt. 592
Jasminechester, ME 66233",38135,4,3,Unknown
260,Sarah Mcdaniel,Female,38,"8174 Martin Circle Apt. 581
Weeksside, SC 48269",61429,0,21,Unknown
261,Cody Curtis,Male,80,"92447 Patrick Lakes Apt. 110
Garciafort, MS 46723",51908,1,7,Unknown
262,Brianna Berry,Female,60,"0789 Lane Alley Apt. 887
New Randyborough, FL 53265",74287,2,19,Unknown
263,Latasha Hill,Female,56,"96855 Smith Turnpike
Martinezshire, PR 59155",12366,1,18,A1
264,Patricia Odom,Female,59,"PSC 9560, Box 2505
APO AP 14433",106120,0,20,Unknown
265,Sarah Scott,Female,47,"9900 Eric Bypass Suite 545
New Aaronhaven, OR 26274",10960,4,9,A1
266,Dean Cruz,Male,29,"3289 John Rest Suite 372
North Josephburgh, OR 21620",90415,1,6,Unknown
267,William Thompson,Male,71,"74531 Patty Hill
Harrisonmouth, UT 96428",45121,0,1,Unknown
268,Nathaniel White,Male,36,"2255 Michelle Brook
East Nicoleland, NJ 19436",43329,1,5,Unknown
269,Susan Aguilar,Female,68,"7370 Peck Plaza Suite 244
South Bradleyton, MD 54250",8291,2,13,A5-F
270,Daniel Thomas,Male,76,"4845 Brenda Circles
Lake Joanna, WY 68756",117561,3,11,Unknown
271,Mr. Trevor Davis PhD,Male,50,"5941 Graham Glens Apt. 618
West Antonio, CA 52683",88622,4,7,Unknown
272,Richard Gray,Male,40,"08584 Jessica Loop
Guerrerofurt, MI 06693",56744,2,4,Unknown
273,Christopher Gould,Male,57,"146 Sean Avenue Apt. 445
New Jessicastad, MA 99314",19210,2,8,A1
274,Elizabeth Stuart,Female,72,"85481 Amy Underpass Apt. 074
South Katelynshire, MA 55461",17575,1,4,A1
275,Amanda Miller,Female,79,"1137 Jennifer Wells
New Timothyfurt, AS 37580",92409,4,19,Unknown
276,Richard Miller,Male,36,"72567 Lisa Isle Apt. 285
Joshuaborough, CA 49453",30936,1,6,Unknown
277,Mark Hernandez,Male,55,"543 Ford Route
Rodriguezhaven, WV 20353",50852,0,17,Unknown
278,Jennifer Green,Female,66,"6296 Kelly Summit
Christinetown, VT 82640",42141,3,8,Unknown
279,Mr. Matthew Stewart,Male,30,"2852 Newman Gardens Apt. 109
Hernandezside, ME 39864",15895,4,10,A1
280,Lee Alexander,Male,53,"80646 Chandler Divide
West Sara, MT 16905",71051,1,4,Unknown
281,Robert Hatfield,Male,65,"027 White Valley Suite 060
Katieton, TN 88282",60928,1,1,Unknown
282,Stephanie Sparks,Female,49,"26454 Jordan Alley Suite 029
Thompsonshire, TN 96292",92865,4,15,Unknown
283,David Thomas,Male,40,"7118 Sharp Dam Suite 269
South Carmenbury, DC 01204",105457,4,12,Unknown
284,Julie Bell,Female,76,"986 Chad Gardens
Hawkinsport, VA 52465",26354,4,4,A5-F
285,Timothy Sherman,Male,70,"40129 Anna Dale Apt. 649
East Leslieton, RI 46441",5134,2,5,Unknown
286,Ryan Grimes,Male,60,"7318 Smith Valleys Suite 978
Joneston, HI 84693",109000,4,4,Unknown
287,Nicole Smith,Female,84,"69791 Butler Mount Apt. 698
Joshuastad, PR 52149",21950,1,18,A5-F
288,Michael Barr,Male,49,"511 Ashley Landing Apt. 582
Wilsonmouth, GU 68837",81902,3,21,Unknown
289,Sheila Barnes,Female,27,"3733 Smith Lane Apt. 953
New Lindamouth, SC 65659",28199,0,5,A5-F
290,Miss Theresa Hopkins,Female,79,"Unit 5875 Box 3043
DPO AA 63369",49641,2,19,Unknown
291,Jessica Moody MD,Female,81,"33669 Cunningham Light Suite 983
Madisonside, AL 59886",95109,4,14,Unknown
292,Erik Schmidt,Male,56,"6729 Joshua Estate Apt. 522
Port Michaelfurt, VT 98976",93840,3,7,Unknown
293,Katie Peterson,Female,27,"249 Kimberly Drive
East Sharonview, ND 22230",94856,2,11,Unknown
294,Carl Lopez,Male,25,"48677 Matthew Rue Suite 937
New Cameronchester, PA 14987",112215,1,1,Unknown
295,Heidi Lane,Female,53,"01053 Allison Camp Apt. 311
Lisachester, NV 73864",32859,4,4,Unknown
296,Alexandra Fry,Female,76,"298 Charles Estate Apt. 174
Matthewfurt, AL 55896",91708,0,5,Unknown
297,Dr. Thomas Martin,Male,67,"1468 Luis Forks
Whitneymouth, AL 90394",31411,3,16,Unknown
298,Jenna Alvarez,Female,30,"USS Phelps
FPO AA 22783",53393,0,1,Unknown
299,Adrian Stephenson,Male,31,"4830 Marie Landing
New Matthewfort, GA 82258",101306,0,13,Unknown
300,Corey Morrison,Male,67,"795 Stuart Groves Apt. 497
Joshuaborough, MP 14932",28566,0,19,Unknown
301,Kevin Carney,Male,42,"0140 Rebecca Stravenue Apt. 512
Port Cameronfort, MA 25685",12610,3,10,A1
302,John Lopez,Male,53,"24721 Howard Radial
South Johnton, VA 98396",3208,0,21,Unknown
303,Tina Smith,Female,52,"399 Jose Spring Suite 720
West Edwin, TN 88835",17925,1,20,A1
304,Tracy Kelly,Female,67,"PSC 6290, Box 4344
APO AE 22209",26096,3,1,A5-F
305,Yolanda Strickland,Female,86,"0455 Mitchell Fall Suite 589
Oneillbury, KS 73403",19873,3,17,A1
306,Sherry Bush,Female,43,"5304 Campbell Loaf Suite 322
Ernestchester, CO 29872",81361,3,8,Unknown
307,Brenda Mack,Female,86,"85908 James Isle Apt. 790
Michaelland, TX 26845",115582,2,13,Unknown
308,Sarah Moody,Female,62,"88816 Kenneth Flats
Port Ana, PW 32014",95325,1,4,Unknown
309,Shannon Myers,Female,23,"921 Ashley Overpass
Moralesport, NY 44171",90105,4,16,Unknown
310,Jennifer Cohen,Female,34,"82053 Trevino Mission
Port Melissa, NJ 18739",30510,1,19,Unknown
311,Charles Wolfe,Male,75,"34635 Jared Court Apt. 204
Mcdanielland, MA 11904",30217,4,15,Unknown
312,Mario Moore Jr.,Male,66,"58229 Paul Stream Suite 632
Harveyborough, OH 02656",4372,3,13,Unknown
313,Sonia Watson,Female,65,"028 Turner Viaduct Suite 141
New Davidberg, UT 42263",79361,4,15,Unknown
314,Nicole Barker,Female,43,"PSC 8423, Box 8339
APO AA 54980",47286,1,13,Unknown
315,Spencer Stevens,Male,73,"6364 Max Point
West James, PA 97370",54174,4,12,Unknown
316,Lindsay Perry,Female,78,"4372 Jeffrey Brook Apt. 564
East Terri, MN 91396",94389,4,3,Unknown
317,Kenneth Robinson,Male,58,"50686 Brennan Overpass
Bellberg, PR 90989",65031,3,15,Unknown
318,Barry Gonzalez,Male,21,"168 Crystal Vista
Deborahtown, OR 34993",8422,0,12,Unknown
319,Mario Hernandez,Male,83,"Unit 9303 Box 1586
DPO AE 97238",113664,0,10,Unknown
320,Andrew Liu,Male,88,"5319 Hardy Course
Darlenemouth, GU 74418",76715,0,7,Unknown
321,Luis Taylor,Male,70,"2295 Carlson Forest Suite 818
Josephmouth, AL 87948",72597,2,12,Unknown
322,Peter Peterson,Male,76,"395 Gentry Landing Apt. 387
Jonathanton, MH 11620",85355,4,13,Unknown
323,Leslie Jones,Female,53,"3693 Susan Loop Suite 834
Lambertmouth, WY 71572",61578,2,2,Unknown
324,Jamie Garcia,Female,81,"2500 Jonathan Circles
Edwardburgh, PW 37235",56499,2,8,Unknown
325,Jerry Mendez,Male,30,"9500 Briggs Views Apt. 781
Amandashire, IL 12243",74554,3,15,Unknown
326,Patricia Stone,Female,63,"6801 Elizabeth Mountain
Matthewbury, CT 49382",30645,2,7,Unknown
327,Paul Ray,Male,30,"87180 Williams Turnpike Suite 478
New Tracy, GA 57860",5559,1,10,Unknown
328,Samantha Evans,Female,36,"58133 Travis Fields
Lake Aaron, PA 63681",92841,2,21,Unknown
329,James Peterson,Male,27,"36271 Stokes Mountain
North Autumnmouth, UT 58851",13895,4,7,A1
330,Tonya Moore,Female,49,"5330 Nicole Cove
Colonland, OH 48674",86212,1,14,Unknown
331,Mary Ryan,Female,51,"8570 Wendy Ports
North Sara, IN 94292",98500,4,16,Unknown
332,William Rodriguez,Male,62,"1939 Brown Crest Apt. 779
North Paigeville, IA 98085",91433,4,7,Unknown
333,Robert Ward,Male,89,"49893 Shaw Lodge
East Victoriachester, RI 76712",46977,0,8,Unknown
334,Cheryl Le,Female,58,"21173 Evans Mews
East Jason, AR 78219",21767,3,9,A5-F
335,Amanda Carter,Female,56,"8038 Olson Tunnel Suite 727
Smithberg, KY 01973",63103,0,3,Unknown
336,Benjamin Martinez,Male,69,"559 Roy Crescent
New Cindy, KS 38640",27893,3,15,Unknown
337,William Reid,Male,37,"34453 William Viaduct Suite 595
Pamelaburgh, OR 68784",1523,0,7,Unknown
338,Mike Cortez,Male,28,"628 Hogan Brooks
Jessicafort, CT 56885",64407,3,21,Unknown
339,Jacob Dorsey,Male,83,"76111 Vaughn Hollow
Guerraview, MP 25752",111081,4,18,Unknown
340,Jennifer Mendoza,Female,77,"0455 Sharon Via
Henryville, OH 66657",3591,3,15,Unknown
341,Chad Morgan,Male,23,"43069 Reginald Point
Dawnfurt, NV 16772",11202,3,7,A1
342,Daniel Spencer,Male,28,"45505 Walter Forge
Lake John, NE 96877",21253,0,2,Unknown
343,Paul Williams,Male,60,"7484 Victoria Path Suite 157
Riverahaven, MT 27022",101581,1,18,Unknown
344,Steven Ford,Male,72,"3981 Mcmahon Stream
Denisemouth, MN 87187",98371,3,20,Unknown
345,Kathy Garcia,Female,46,"0371 Daniel Junction
Stephenshire, MA 02282",74706,4,15,Unknown
346,James Murphy,Male,70,"47649 Danielle Curve Suite 353
Woodsville, TX 43032",22181,1,2,Unknown
347,Sarah Hawkins DDS,Female,88,"1352 Kelly Walks
West Raymondchester, MO 27200",14361,3,6,A1
348,Craig Snyder,Male,35,"86838 Martin Coves Suite 205
East Josephborough, NY 49581",70872,2,10,Unknown
349,Michael Salas,Male,74,"90910 Hampton Roads Suite 807
Larsenstad, DC 96331",60477,3,8,Unknown
350,Bryan Stokes,Male,40,"110 Stephen Greens Apt. 774
Stephanieland, VI 68501",75318,4,15,Unknown
351,Robert Griffith DVM,Male,75,"7863 Krystal Club Suite 546
Boonefurt, KY 01387",87588,2,9,Unknown
352,Sandy Lopez,Female,62,"679 Walter Path
Hoffmanberg, AL 76744",11164,4,5,A1
353,Marie Meza,Female,83,"57660 Brandon Stream
Port Dustin, NJ 89214",71366,0,1,Unknown
354,James Daugherty,Male,50,"USS Estrada
FPO AA 12252",1546,2,19,Unknown
355,Jillian Barber,Female,35,"70468 Fox Mountains Suite 710
East James, CT 95950",43823,0,15,Unknown
356,Dr. Austin Parker,Male,40,"Unit 7612 Box 6640
DPO AA 79230",119408,0,6,Unknown
357,Brian Snyder,Male,54,"3551 Anderson Stream
Youngburgh, GU 42253",54459,4,11,Unknown
358,Briana Craig,Female,47,"71795 Ryan Field
Thomasborough, LA 23740",96692,0,9,Unknown
359,Robert Wilson,Male,83,"1251 Jenkins Centers Apt. 570
Heatherfurt, NV 44339",112775,3,7,Unknown
360,Andrew Young,Male,49,"0053 Torres Turnpike Suite 469
North Johnberg, MT 68766",31993,2,17,Unknown
361,Jesse Williams,Male,23,"4289 William Gardens Suite 078
West Keithland, NJ 53447",72417,4,1,Unknown
362,Jennifer Thomas,Female,71,"716 Lopez Grove
East Morganhaven, MI 64136",53405,1,19,Unknown
363,Thomas Perez,Male,25,"2918 Salazar Stravenue
Morrisborough, AS 35914",38061,1,4,Unknown
364,John Barnett,Male,47,"76818 Conway Union
Port Victoriastad, NY 29720",78404,1,8,Unknown
365,Raymond Johnson,Male,88,"02013 Rios Motorway
Lake Danielview, OR 52375",91623,4,15,Unknown
366,Jesse Raymond,Male,57,"3841 Bradley Lights Suite 953
Rossmouth, AS 18729",66384,2,9,Unknown
367,Jerry Ford,Male,44,"948 Derek Run
East Rachel, NH 41158",27537,0,17,Unknown
368,Timothy Stewart,Male,34,"254 James Green Suite 015
West Lisaland, AR 27636",110468,3,17,Unknown
369,Brenda Watson,Female,71,"90260 Amber Spurs
Sonyaland, NV 43099",37187,4,10,Unknown
370,Michelle Weiss,Female,63,"0113 Tonya Shoal Apt. 327
Haroldberg, PR 41941",91414,3,21,Unknown
371,Bonnie King,Female,74,"3565 Gibbs Forest Suite 393
Burtonmouth, PA 67679",101879,4,3,Unknown
372,Cheryl Powers,Female,37,"3443 Bryan Mountain
Port David, GA 87955",100112,3,8,Unknown
373,Julie Ramirez,Female,78,"25190 Peter Squares
Ruthville, DE 55931",66283,4,10,Unknown
374,Tyler Gray,Male,41,"0345 Harrell Ways Apt. 833
Lake Richard, KY 81738",12856,2,10,A1
375,Sharon Jones,Female,42,"172 Anita Fork Suite 574
Lake Mary, ND 14399",92670,4,1,Unknown
376,Joseph Carr,Male,22,"74262 Crystal Roads
North Jamie, IA 21590",117135,0,21,Unknown
377,Steven Cameron,Male,89,"5144 Grant Radial
Stoneton, MD 82714",57633,2,4,Unknown
378,Megan Hall,Female,89,"59139 Wilson Hills Suite 482
Port Bradstad, ND 79813",22127,2,17,A5-F
379,Monica Lee,Female,47,"636 Fry Avenue Apt. 207
Charlesburgh, NH 76924",46040,2,3,Unknown
380,Jeanette Guzman,Female,42,"5661 Levine Lane
South Francisco, WI 20126",71376,3,19,Unknown
381,Stephanie Sharp,Female,22,"23663 Giles Pines
Port Ryan, VT 65190",35993,0,6,Unknown
382,Carl Pineda,Male,51,"649 Rhonda Fields Suite 966
East Ralphland, AS 68004",10736,1,10,A1
383,Elizabeth Young,Female,41,"867 Adam Villages Suite 429
Ambertown, AR 94865",31149,2,2,Unknown
384,Curtis Hamilton,Male,53,"3806 John Gardens
Warnertown, WY 91706",43568,2,3,Unknown
385,Laurie Fox,Female,62,"3804 Parks Shores
West Davidfort, WA 60855",117538,2,19,Unknown
386,Allen Hill,Male,76,"996 Sims Flat Suite 235
Thomasmouth, WY 35234",22280,2,17,Unknown
387,Carlos Burns,Male,32,"2174 Williams Creek Suite 716
West Crystal, CA 18310",114595,4,20,Unknown
388,Tanya Martinez,Female,54,"18510 Rebecca Park
Cookeburgh, GA 06081",22345,4,1,A5-F
389,Lauren Delacruz,Female,33,"PSC 5653, Box 2871
APO AE 26067",80247,2,10,Unknown
390,Larry Ferguson DVM,Male,70,"288 Molly Inlet
Robinborough, RI 59959",18192,0,3,A1
391,Frank Anderson,Male,76,"7268 Carol Spur
Lake David, MS 54706",16463,4,13,A1
392,Sharon Fletcher,Female,21,"885 Moore Dam
East Christopherchester, IA 83531",30052,4,20,Unknown
393,Kayla Holloway,Female,30,"6218 Peggy Coves Apt. 419
Jessechester, NY 82225",112011,0,18,Unknown
394,Julian Sanchez,Male,66,"8097 Marquez Roads Apt. 116
North Jordan, IA 41606",61651,3,15,Unknown
395,Carrie Kim,Female,54,"85070 Brian Centers
New Alexberg, NH 72082",19402,4,21,A1
396,Ronald Williams,Male,56,"761 Romero Mountains
Aaronton, PR 83249",70570,1,8,Unknown
397,Steven Gaines,Male,54,"PSC 0977, Box 3179
APO AE 11162",21090,0,11,Unknown
398,Kendra English,Female,88,"05182 Patrick Stream Apt. 258
Deannaton, FM 94024",103923,1,9,Unknown
399,Lucas Johnson,Male,43,"5541 Jesse Burg
Laurieville, OK 23625",50249,2,15,Unknown
400,Rachel Gordon,Female,24,"696 Vance Village Apt. 860
East Patrickborough, NM 32238",51863,2,7,Unknown
