"Employee_Id","Name","Gender","Age","Address","Salary_USD","Over_Time_Hours","Leave_Days","Employee_Level"
1,"Nicholas Thomas","Male",75,"7032 Lisa Ramp Suite 376
New Heatherstad, MD 76005",56643,1,3,"Unknown"
2,"Laura Roach","Female",45,"7024 Bowers Pines Suite 174
West Stephanieshire, TN 23034",25358,4,12,"A5-F"
3,"Raymond Miller","Male",36,"297 Tammy Road Suite 637
South Julia, IL 64440",118098,0,9,"Unknown"
4,"Courtney Kelly","Female",43,"180 Marquez Cliffs Suite 245
South Jessicashire, NY 21281",34241,3,8,"Unknown"
5,"Steve Miller","Male",83,"56869 Burgess Stream Apt. 428
Garciaview, GU 02559",23219,4,8,"Unknown"
6,"Kevin Larsen","Male",33,"7801 Tammy Forks Suite 467
Audreyfort, NE 25999",102212,3,9,"Unknown"
7,"John Simmons Jr.","Male",39,"22091 Kenneth Flat
North Codyfurt, AL 76358",113713,2,10,"Unknown"
8,"Bonnie Shaw","Female",47,"464 York Corners Suite 947
North Michael, ID 24080",19667,3,21,"A1"
9,"Danielle Garcia","Female",85,"824 Nicholas Vista Suite 319
Anthonyville, MT 18272",29622,4,4,"A5-F"
10,"Donald Smith","Male",57,"785 Barbara Spur Apt. 389
Jasminestad, WA 35421",35534,1,8,"Unknown"
11,"Alexandria Anderson","Female",27,"9129 Maddox Row
Michealchester, NJ 52598",64119,0,6,"Unknown"
12,"Edward Young","Male",20,"122 Ryan Highway
Mariashire, VA 37836",41748,1,15,"Unknown"
13,"John Ramos","Male",80,"3547 Adams Point Suite 506
West Gailhaven, PW 61265",112505,3,6,"Unknown"
14,"Charles Williams","Male",67,"243 Nathan Island Suite 993
Lake Ericaborough, NV 30484",20746,4,3,"Unknown"
15,"Jeremy Sharp","Male",35,"0574 Louis Shoal
Zacharyshire, TX 77401",83172,2,18,"Unknown"
16,"Craig Neal","Male",87,"4805 Glover Prairie Suite 529
Balltown, ND 78237",45537,0,8,"Unknown"
17,"Susan Hanson","Female",87,"6014 Michael Gardens Suite 793
Linborough, IN 91289",64658,1,17,"Unknown"
18,"Christopher Vang","Male",70,"8824 Jennifer Curve Suite 052
Lake Alejandraberg, UT 19689",55433,2,3,"Unknown"
19,"Austin Ward","Male",26,"79911 Yvonne Camp Suite 496
Carsonfort, SD 39763",83079,1,2,"Unknown"
20,"Jake Mercer","Male",78,"4355 Denise Valleys Suite 356
Moralesstad, AL 69268",117366,4,3,"Unknown"
21,"Clayton Nichols","Male",75,"79894 Joseph Manors
Maxton, MO 58077",92443,0,7,"Unknown"
22,"David Ramirez","Male",84,"3558 Maxwell Crossroad
Johnshire, MD 10358",11437,1,11,"A1"
23,"Jennifer Parks","Female",86,"83526 Abigail Court
South Kristin, KS 96013",82793,1,4,"Unknown"
24,"William Fischer","Male",46,"1314 Reynolds Mountain Suite 105
Hughesstad, MA 75802",60906,0,6,"Unknown"
25,"Richard Conley DDS","Male",81,"4403 Taylor Highway
Christopherburgh, MT 66062",26903,1,13,"Unknown"
26,"Michael Norris","Male",49,"970 Lewis Keys Apt. 107
North Lisa, ME 56741",11232,4,4,"A1"
27,"Scott Green","Male",87,"USNV Campbell
FPO AA 74222",33463,1,9,"Unknown"
28,"Sheila Johnson","Female",77,"892 Zachary Forge Apt. 266
New Jennifer, NV 78628",116020,3,19,"Unknown"
29,"Blake Lewis","Male",71,"9819 Gloria Alley Suite 025
West Alejandroton, SD 27819",13417,4,14,"A1"
30,"Jermaine Rodriguez","Male",81,"96393 White Glens
Christyborough, AR 61236",72042,3,19,"Unknown"
31,"Angela Torres","Female",37,"95309 Erica Brooks
Lynchville, NJ 91483",60508,3,16,"Unknown"
32,"Amy Howard","Female",42,"6521 Myers Mountain
Port Rachelbury, GU 84788",23767,2,19,"A5-F"
33,"Michael Kaufman","Male",21,"USNV Irwin
FPO AP 45545",39407,4,5,"Unknown"
34,"Matthew Parker","Male",55,"52556 James Light Apt. 511
Ambermouth, MH 82274",38537,0,6,"Unknown"
35,"Jennifer Clarke","Female",74,"72159 Thompson Flat
North Edwardchester, MA 10810",92531,2,4,"Unknown"
36,"Lindsay Gates","Female",71,"1716 Lawrence Rapids Apt. 340
Davidberg, PA 28992",47670,3,6,"Unknown"
37,"James Arnold","Male",64,"372 Paul Burgs
East Emily, NE 55847",37853,2,14,"Unknown"
38,"Erica King","Female",55,"72743 Micheal Loop Apt. 458
South Pamelaborough, VI 63539",5947,4,8,"Unknown"
39,"Jackson Miller","Male",43,"985 Michael Oval Apt. 044
South Leslieville, VI 85774",22431,0,9,"Unknown"
40,"Tiffany Reynolds","Female",79,"365 Melissa Streets Apt. 338
Jenniferstad, GU 02087",112731,2,13,"Unknown"
41,"Cassie Ellis","Female",70,"27094 Renee Drive
North Christinahaven, MI 17738",31085,1,1,"Unknown"
42,"Michael Wright","Male",53,"672 Corey Forges
Katrinaborough, NC 20345",55879,0,14,"Unknown"
43,"Melissa Beard","Female",84,"870 Daniels Common Apt. 275
Lake Williamtown, ID 47899",72551,1,17,"Unknown"
44,"John Smith","Male",24,"USCGC Mullen
FPO AA 03956",30507,3,6,"Unknown"
45,"Misty Anderson","Female",61,"6155 John Mission Suite 835
Port Scottbury, MP 70802",38127,2,18,"Unknown"
46,"Lori Miller","Female",67,"0058 Esparza Ports Apt. 862
Tonyaton, PW 16661",106710,0,21,"Unknown"
47,"Stephanie Mcdonald","Female",74,"420 Dickerson Plain
Amandashire, WV 90252",2478,0,5,"Unknown"
48,"Richard Hardy","Male",49,"4174 Wright Motorway
New Melissaberg, TN 19263",94774,4,15,"Unknown"
49,"Samuel Eaton","Male",88,"74375 Pamela Road Apt. 353
Port Mariabury, VT 30082",38831,3,19,"Unknown"
50,"Danielle Patterson","Female",69,"400 James Port
Ashleyshire, MO 95804",24385,2,13,"A5-F"
51,"Sara Anderson","Female",25,"65977 Green Lights Apt. 907
South Julia, GU 78158",8044,3,13,"A5-F"
52,"Sean Olson","Male",80,"906 Leach Burg
Patelview, NJ 19123",41714,3,16,"Unknown"
53,"James Cruz","Male",31,"Unit 8820 Box 8136
DPO AA 57650",26541,3,13,"Unknown"
54,"Nathan Wilson","Male",35,"926 Eric Hill Apt. 424
Lake Matthewberg, AR 45154",46851,2,13,"Unknown"
55,"Elizabeth Rodriguez","Female",64,"49505 Kelly Cliff
East Lynnport, OR 78584",87492,0,9,"Unknown"
56,"Donna Williams","Female",62,"2303 Jones Glens Apt. 379
Webstertown, VA 06947",35245,0,11,"Unknown"
57,"Denise Parrish","Female",76,"96493 Rachel Drives
Port Karenburgh, WV 18898",74218,0,16,"Unknown"
58,"Melinda Goodwin","Female",68,"5016 Martin Prairie
Fisherhaven, FL 42059",74724,2,20,"Unknown"
59,"Bradley Bates","Male",62,"0315 Blankenship Stravenue Apt. 340
Valerieshire, RI 96206",118297,2,5,"Unknown"
60,"Jerry Reynolds","Male",81,"9956 Mcdonald Estates Suite 212
Annaside, AZ 15932",76173,0,15,"Unknown"
61,"Catherine Simon","Female",46,"89952 Taylor Corner Suite 457
North Luis, HI 45578",41197,2,9,"Unknown"
62,"Tiffany Morris","Female",32,"862 Victoria Heights Suite 746
Juliamouth, NH 07168",112349,2,15,"Unknown"
63,"Anne Caldwell","Female",34,"09110 Peters Coves
Josephtown, PW 32273",66582,0,12,"Unknown"
64,"Ricky Herrera","Male",64,"8708 Cox Harbor
New Susan, CO 14417",38347,3,17,"Unknown"
65,"William Brown","Male",48,"48264 Rhonda Ranch
Alexside, VI 01704",1433,1,19,"Unknown"
66,"Janice Clarke","Female",89,"171 Crystal Freeway
Rodriguezstad, LA 69608",86456,4,13,"Unknown"
67,"James Johnson","Male",57,"USCGC Cox
FPO AP 72736",5663,3,7,"Unknown"
68,"Jordan Sawyer","Male",37,"PSC 7374, Box 4804
APO AE 56609",65764,0,9,"Unknown"
69,"Veronica Gutierrez","Female",79,"00631 Williams Unions Suite 168
East Derrickville, NC 13889",94758,0,6,"Unknown"
70,"Danielle Christensen","Female",50,"679 Jo Skyway
Lake Chelseatown, MN 14718",75960,1,7,"Unknown"
71,"Stacy Lin","Female",61,"45903 Hicks Harbor Apt. 033
Ronnieville, WV 97394",85252,3,2,"Unknown"
72,"Dana Sherman","Female",53,"3044 Williams Plain
Laceyview, IA 14521",86708,4,5,"Unknown"
73,"Brandon Cox","Male",55,"13799 Brett Causeway
Jerryberg, IN 31611",32814,3,21,"Unknown"
74,"Debra Garcia","Female",34,"9207 Matthew Meadow Suite 740
New Mike, VA 03777",80019,4,11,"Unknown"
75,"Jason Hart","Male",57,"245 Lane Pass
East Ashlee, FM 47098",37263,3,5,"Unknown"
76,"James Lopez","Male",55,"USNV Graham
FPO AE 17384",32749,1,6,"Unknown"
77,"Edward Bryan","Male",85,"878 Rachel Motorway
East Jacobfort, PR 50367",35812,1,5,"Unknown"
78,"Virginia Baird","Female",81,"9878 Hoffman Street
West Nathanport, VA 56058",92054,4,9,"Unknown"
79,"Brian Alexander","Male",63,"581 Clark Alley Apt. 260
Daughertyfurt, MI 19098",89129,4,16,"Unknown"
80,"Stephen Martin","Male",20,"1871 Vasquez Bypass Suite 674
North Donald, NV 88271",38211,4,21,"Unknown"
81,"Rachel Everett","Female",83,"PSC 0751, Box 3937
APO AA 97384",90656,3,3,"Unknown"
82,"Charles Ramirez","Male",28,"88434 Huerta Road
Williamsmouth, OK 61713",47882,4,12,"Unknown"
83,"Kevin Sanchez","Male",52,"3780 Barbara Cliffs
Brendamouth, WY 45172",57484,4,6,"Unknown"
84,"Timothy Rojas","Male",64,"PSC 6979, Box 2915
APO AA 65109",70712,4,17,"Unknown"
85,"Joshua Miller","Male",37,"5612 Garcia Burg Suite 163
Townsendview, NM 71124",113952,3,11,"Unknown"
86,"Ralph Anderson","Male",50,"7715 Timothy Row
Michelleview, OK 79296",41632,4,6,"Unknown"
87,"Gary Roman","Male",71,"89868 Rowe Heights
Tammytown, SD 33189",19984,2,21,"A1"
88,"David Riley","Male",50,"4076 Leslie Path Suite 391
Robinsonton, NE 91997",27557,2,15,"Unknown"
89,"Regina Sheppard","Female",72,"9269 Bender Oval Apt. 515
Lake Kevinberg, MI 37990",64943,3,2,"Unknown"
90,"Darin Roberts","Male",39,"364 Heidi Run Suite 678
West Cherylchester, MH 95327",104459,4,16,"Unknown"
91,"Nathan Adams","Male",20,"46353 Kenneth Islands
Goodwinport, AK 31323",44649,4,4,"Unknown"
92,"Donna Jones","Female",36,"99080 Christy Point Suite 340
Andreaport, MT 53778",93633,3,14,"Unknown"
93,"Ronald Marquez","Male",65,"97245 Washington Hills
East Danielbury, PW 10184",16396,3,2,"A1"
94,"Sarah Stevens","Female",53,"PSC 4681, Box 0675
APO AE 10215",43634,0,11,"Unknown"
95,"Mary Larson","Female",38,"8496 Michael Shoal
Lake Stephanie, UT 68422",115469,3,8,"Unknown"
96,"Rebecca Howard","Female",44,"9852 Williams Vista
Lake Kimberly, NY 02847",79589,0,17,"Unknown"
97,"Jeff Hill","Male",29,"39076 Green Unions
South Jeffreychester, ID 17512",58206,4,17,"Unknown"
98,"Jonathan Espinoza","Male",32,"264 Andre Vista Apt. 247
North Samuel, NH 86292",86420,3,7,"Unknown"
99,"John Simmons","Male",64,"91383 Barbara Trafficway
Shawton, PW 39066",5402,4,20,"Unknown"
100,"Alyssa Grant","Female",26,"751 Jensen River
Stephanieshire, DC 47205",12228,4,5,"A1"
101,"Elizabeth Anderson","Female",20,"9353 Martin Lake Suite 374
Alexandrashire, MO 84070",31682,3,1,"Unknown"
102,"William Armstrong","Male",40,"2138 Matthew Tunnel
Lake Sydney, PW 49480",41771,3,9,"Unknown"
103,"Kimberly Parker","Female",22,"6534 Camacho Branch Apt. 734
Danielleview, KS 63582",109467,3,21,"Unknown"
104,"Stephen Walton","Male",22,"12899 Peterson Tunnel Apt. 020
South Jeffrey, WY 92133",20075,1,16,"Unknown"
105,"Michael Schneider","Male",86,"9115 Rodriguez Green Apt. 655
Bakerport, MH 78718",46262,1,19,"Unknown"
106,"Tony Rhodes","Male",49,"476 Jennifer Parkway Apt. 484
Reevesview, UT 74448",64919,1,20,"Unknown"
107,"Jeremy Salazar","Male",62,"4260 Jones Springs Suite 493
Stephaniemouth, WA 11958",110938,4,4,"Unknown"
108,"Michael Vincent","Male",72,"8291 Johnson Stravenue Apt. 624
Millerfurt, VT 76157",70390,0,8,"Unknown"
109,"Edwin Page","Male",67,"Unit 4422 Box 7916
DPO AP 82737",69251,0,12,"Unknown"
110,"Richard Adams","Male",72,"075 Mccarty Walks
Victormouth, NJ 97280",98007,2,13,"Unknown"
111,"Christina Garcia","Female",52,"0113 Moran Run Apt. 064
Erikamouth, SD 85627",32126,3,19,"Unknown"
112,"Tracy Ramos DVM","Female",36,"074 Robert Place Suite 832
Mistychester, MD 25898",103234,4,17,"Unknown"
113,"Sandra Mitchell","Female",75,"83028 Thompson Grove
Lake Rebeccabury, VA 21346",62705,4,15,"Unknown"
114,"Roger Watkins","Male",44,"PSC 6398, Box 9325
APO AP 24353",75770,2,15,"Unknown"
115,"Miguel Riley","Male",37,"376 Alexandra Creek Apt. 224
Cynthiaside, AK 35242",99435,2,15,"Unknown"
116,"Nicole Smith","Female",68,"PSC 4214, Box 0137
APO AP 48903",80778,2,19,"Unknown"
117,"Pamela Williams","Female",61,"645 Kirk Drive Suite 049
Monicamouth, AS 43416",81772,3,2,"Unknown"
118,"Carol Melton","Female",68,"1772 Cassidy Spur Apt. 183
Ericastad, HI 14508",71870,1,21,"Unknown"
119,"Michael Sanchez","Male",38,"728 Lindsay Station Apt. 187
North Maria, FM 81560",72362,4,12,"Unknown"
120,"Jacqueline Johnson","Female",24,"407 Hoover Knolls
Evansmouth, FM 96085",47523,3,17,"Unknown"
121,"Mr. Gabriel Miller MD","Male",66,"552 Lisa Parkways Suite 827
South Jamesshire, VT 27905",21619,4,8,"Unknown"
122,"Janet Garza","Female",35,"3985 Hart Trafficway
Christensenland, NE 22848",74154,4,7,"Unknown"
123,"Andrew Murphy","Male",44,"7763 David Hollow Suite 275
Brownview, IL 80166",40877,0,5,"Unknown"
124,"Marcus Goodwin","Male",25,"86275 Jensen Plains Apt. 180
Deniseshire, NH 00788",35163,1,18,"Unknown"
125,"Leah Sharp","Female",75,"6453 Barrett Light
Reyesstad, DE 74870",99485,1,7,"Unknown"
126,"Lisa Carter","Female",53,"8250 Ashley Turnpike Apt. 549
North Mitchell, OR 63128",16735,2,14,"A1"
127,"Nicholas Singh","Male",48,"USNV Johnson
FPO AE 41025",48186,4,15,"Unknown"
128,"James Weaver","Male",87,"74079 Pace Squares
New Brian, MP 26861",99381,3,19,"Unknown"
129,"Lauren Walsh","Female",84,"660 Phillips Courts Suite 371
Jamesville, SD 29093",40458,1,4,"Unknown"
130,"Elizabeth Morgan","Female",53,"09964 Julie Estate
Ericfurt, AS 83152",55815,2,1,"Unknown"
131,"Curtis Barron","Male",46,"32773 Caitlin Landing Suite 033
Rojasside, PW 76985",105465,2,18,"Unknown"
132,"Paul Johnson","Male",51,"5522 Leslie Pine
Hillport, KY 63146",63199,3,19,"Unknown"
133,"Maxwell Blair","Male",88,"89985 Alicia Ridge
South Lori, NV 55010",104520,3,7,"Unknown"
134,"Duane Anderson","Male",74,"66567 Tapia Underpass Apt. 614
Eileenfurt, CA 68941",42768,3,8,"Unknown"
135,"Angela Wheeler","Female",74,"533 Joyce Views Suite 091
Lake Denise, IL 24938",119666,3,21,"Unknown"
136,"Jonathan Dennis","Male",76,"6556 Stacy Station
North Angelicaton, PR 32148",71620,3,2,"Unknown"
137,"Timothy Lee","Male",65,"9486 Cheryl Loop
North Sarahport, MT 90402",48604,4,5,"Unknown"
138,"Joan Fitzgerald","Female",62,"327 Stacy Camp Suite 461
Lake Spencer, MT 10930",41210,0,8,"Unknown"
139,"Virginia Schroeder","Female",45,"23135 Jonathan Pass Suite 162
Reyesborough, WY 51024",118420,4,13,"Unknown"
140,"Kenneth Pratt","Male",33,"PSC 4973, Box 9997
APO AE 85366",24816,2,8,"Unknown"
141,"Gregory Foster","Male",80,"36438 Mike Well Suite 158
New Dave, MO 32860",106307,0,8,"Unknown"
142,"Michael Martinez","Male",59,"8620 Sarah Pine Suite 044
South Manuel, NM 51910",29402,2,20,"Unknown"
143,"Jacob Davis","Male",24,"863 Clark Vista
Jacksonfurt, AR 63074",92129,0,2,"Unknown"
144,"Brianna Diaz","Female",36,"32116 Luis Terrace Suite 937
West Juliefort, NJ 25947",29501,0,9,"A5-F"
145,"Kathryn Garcia","Female",53,"7888 Caleb Heights Apt. 197
Bergstad, ID 05293",79271,0,18,"Unknown"
146,"James Dominguez","Male",49,"23810 Vargas Estate
West Michael, VA 50035",54847,1,12,"Unknown"
147,"Tyler Smith","Male",46,"4289 Jody Corners Suite 735
New Francisco, PW 34247",73923,2,19,"Unknown"
148,"Shelby Ortega","Female",30,"5020 Rose Gardens
Port David, PA 77236",77176,3,4,"Unknown"
149,"Elizabeth Murphy","Female",50,"8706 Bell Cliffs Apt. 818
Smithberg, TN 66502",98263,4,7,"Unknown"
150,"Lindsay Cantrell","Female",83,"9858 Steven Run Apt. 465
New Apriltown, SC 18124",107412,1,9,"Unknown"
151,"Emily Hansen","Female",27,"2332 Alexander Rue
Kathrynshire, VI 01294",74189,0,16,"Unknown"
152,"Brian Gilmore","Male",57,"71579 Blake Walk
Markmouth, MA 13505",15924,0,6,"A1"
153,"Vickie Patel","Female",71,"8442 Darlene Overpass Apt. 057
Erinview, DE 99490",60728,4,20,"Unknown"
154,"Robert Campbell","Male",57,"2830 Bailey Center
New Susantown, HI 94300",69767,4,17,"Unknown"
155,"Jeffery Lynn","Male",85,"562 Johnson Fort Suite 640
Marcusshire, AR 75872",82876,3,19,"Unknown"
156,"Shannon Hughes","Female",87,"46669 Chan Street
Matthewbury, MP 14322",56188,0,12,"Unknown"
157,"Thomas Harrison","Male",56,"308 Harris Road Apt. 043
Dylanchester, WA 22630",58094,0,9,"Unknown"
158,"Jill Ellison","Female",80,"USNV Thomas
FPO AE 43380",51290,4,1,"Unknown"
159,"Amanda Wiggins","Female",45,"6029 Mike Cliffs
West Anthonyport, IN 18588",91124,1,7,"Unknown"
160,"Michael Douglas","Male",23,"265 Anderson Ports Suite 137
Harrisonbury, PR 45831",55247,0,9,"Unknown"
161,"Mark Wilson","Male",22,"485 Kelly Court
South Justin, SC 82024",84471,4,2,"Unknown"
162,"Aaron Terry","Male",55,"26989 Patricia Village
Port Lawrencemouth, LA 95421",76774,4,21,"Unknown"
163,"Fred Torres","Male",34,"0224 Estes Mission Apt. 930
Patriciaton, HI 61840",68217,2,10,"Unknown"
164,"Pamela Williams","Female",47,"467 Wilson Prairie
West Jared, NV 38249",50180,4,9,"Unknown"
165,"Michelle Young","Female",22,"6479 Paul Mews
Herreraport, VI 95434",55109,3,13,"Unknown"
166,"Melvin Harris","Male",53,"033 Roy Shores
Port Kenneth, LA 84773",25914,2,2,"Unknown"
167,"Michael Chen","Male",34,"960 Cynthia Island Suite 996
Lake Sherri, MT 92788",95796,1,16,"Unknown"
168,"Gina King","Female",33,"5034 Cummings Forest Apt. 740
North Courtneyfurt, NV 42429",46486,1,6,"Unknown"
169,"Jessica Tucker","Female",51,"01003 Williams Flats Suite 439
East Williamborough, GU 77952",87218,2,1,"Unknown"
170,"James Villanueva","Male",34,"1387 Joseph Ville Suite 155
North Kyleburgh, NC 43384",49062,4,6,"Unknown"
171,"Kimberly Harrell","Female",57,"0904 Rodriguez Turnpike
East Brandonhaven, AZ 17595",17763,4,8,"A1"
172,"James Yoder","Male",52,"7650 Daniel Rapids Suite 128
Tracychester, WY 13601",16372,3,4,"A1"
173,"Melinda Perry","Female",50,"879 Paul Union Apt. 561
Jeffmouth, AZ 18848",112970,3,7,"Unknown"
174,"Alexis Shelton","Female",32,"56405 Ramirez Haven
New Ralph, AS 80732",20613,3,16,"A5-F"
175,"Eileen Burke","Female",87,"1422 White Pine Suite 343
Williamsport, CT 81666",78745,2,21,"Unknown"
176,"Mark Cline","Male",23,"36094 Aaron Station Suite 555
Wheelermouth, MA 23812",90517,3,18,"Unknown"
177,"Matthew Snyder","Male",67,"247 Charlene Ways Suite 542
West Jessicabury, DC 83951",14635,2,4,"A1"
178,"Eric Werner","Male",47,"19959 Kathryn Center Suite 126
Hernandezview, LA 99576",80726,3,8,"Unknown"
179,"Travis Jensen","Male",71,"5788 Chavez Port Suite 313
Dukeside, PA 17064",83423,3,20,"Unknown"
180,"Jesse Wilkins","Male",72,"Unit 8440 Box 6979
DPO AE 47284",101340,0,14,"Unknown"
181,"Susan Werner","Female",70,"827 Hayden Island
East Shawn, SD 42091",10010,3,1,"A1"
182,"Ashley Hansen","Female",74,"3632 Smith Falls Apt. 570
Lake Jonathanmouth, IL 86804",72746,0,4,"Unknown"
183,"Douglas Miller","Male",67,"Unit 1832 Box 1765
DPO AE 60604",85076,2,1,"Unknown"
184,"Donna Armstrong","Female",20,"555 William Course Suite 865
Jacksonmouth, DC 48716",53378,2,6,"Unknown"
185,"Brenda Romero","Female",84,"9392 Collins Junction Suite 231
Lake Patriciamouth, LA 94571",54888,0,21,"Unknown"
186,"Shawn Reyes","Male",77,"1805 Adkins Cove Suite 055
Hallville, ID 40599",49287,4,2,"Unknown"
187,"Ronald Reed","Male",53,"02695 Schmidt Fords Apt. 507
Fisherborough, MO 29785",40040,4,1,"Unknown"
188,"Michelle Marquez","Female",82,"USNV Thomas
FPO AA 39395",49649,2,19,"Unknown"
189,"Mary Camacho","Female",27,"8206 Hall Burgs Suite 383
New Patrickton, AS 88431",6787,2,11,"Unknown"
190,"Jessica Duffy","Female",68,"PSC 3620, Box 5194
APO AE 80383",6275,0,1,"Unknown"
191,"George Robinson","Male",49,"470 Herrera Dale Suite 706
Fosterborough, IA 35178",54311,4,17,"Unknown"
192,"Kevin Mendoza","Male",33,"833 Hughes Well
New Jason, RI 03445",107395,4,20,"Unknown"
193,"Kimberly Perez","Female",74,"084 Stanley Port Apt. 995
Brownfort, NC 31435",57919,4,16,"Unknown"
194,"John Freeman","Male",45,"219 Ramos Ford Apt. 830
Roachstad, IN 50496",93413,0,8,"Unknown"
195,"Raven Hubbard","Female",83,"1679 White Turnpike
South Melissamouth, AS 67406",22600,1,6,"A5-F"
196,"Paul Clayton","Male",65,"4517 Reynolds Junctions Suite 587
South Joseph, FM 71998",101149,4,12,"Unknown"
197,"Kimberly Lee","Female",43,"8423 Ashley Pine
Kimberlyland, IL 47921",69803,2,9,"Unknown"
198,"Mackenzie Hernandez","Female",89,"268 Eric Spur Suite 594
Amyview, DE 46875",95297,1,12,"Unknown"
199,"Kimberly Richard","Female",76,"404 Sanchez Station
Donnafort, WA 33798",119192,3,21,"Unknown"
200,"Scott Long","Male",84,"3150 Bruce Center Apt. 068
Crystalshire, AZ 24014",52310,2,10,"Unknown"
201,"Anthony Erickson","Male",51,"69270 Ryan Center
South Kelly, NJ 21220",8161,1,9,"Unknown"
202,"Rachel Dunn","Female",23,"905 Brian Flat Suite 433
East Austin, KS 36193",43299,1,17,"Unknown"
203,"Justin Padilla","Male",49,"82097 Walker Stravenue Suite 607
New Bryanborough, HI 04612",68686,0,8,"Unknown"
204,"Timothy Collins","Male",55,"USCGC Reyes
FPO AA 16732",28218,3,15,"Unknown"
205,"Samantha Mason","Female",84,"38018 Ferguson Pass Apt. 416
Port Christopher, NM 47675",75004,3,17,"Unknown"
206,"Jacob Cameron","Male",40,"Unit 0726 Box 9563
DPO AA 92875",24010,1,15,"Unknown"
207,"Anna Brown","Female",24,"1228 Christopher Fort
Petersonside, RI 88696",54124,2,1,"Unknown"
208,"Dr. Christine Perez","Female",25,"PSC 4392, Box 1727
APO AE 06334",4541,3,12,"Unknown"
209,"Daryl Singh","Male",32,"873 Welch Estate Apt. 400
Lake Troy, UT 07763",106937,4,9,"Unknown"
210,"Regina Chang","Female",60,"759 Barbara Roads
Kellyview, OK 63316",106084,4,18,"Unknown"
211,"Roberta Griffith","Female",63,"39629 Cheryl Stravenue
Ashleyland, IL 11478",97690,0,4,"Unknown"
212,"David Ramirez","Male",77,"USS White
FPO AA 80292",16302,2,17,"A1"
213,"Barry Woodard","Male",35,"60749 Edwards Port Suite 461
Lake Stephanieburgh, NH 17369",1484,2,10,"Unknown"
214,"Ashley Miller","Female",45,"9787 Sonya Lodge Apt. 766
Barbaraberg, NV 89689",93176,1,9,"Unknown"
215,"Elizabeth Buchanan","Female",70,"33913 Reynolds Knolls Suite 749
Davidville, ME 02671",109737,1,10,"Unknown"
216,"Christina Richmond","Female",55,"3074 Cook Field Suite 215
Mclaughlinmouth, NH 60872",61713,4,9,"Unknown"
217,"Jamie Allen","Male",89,"508 Mann Mountain Suite 215
Kathyton, NV 81066",45459,2,19,"Unknown"
218,"Terri Watson","Female",77,"04609 Keller Trafficway Suite 912
Port Eileenview, MO 34126",109121,4,12,"Unknown"
219,"Mark Rodriguez","Male",68,"PSC 0993, Box 7528
APO AA 37057",111126,4,12,"Unknown"
220,"Rita Farrell","Female",55,"USNS Hughes
FPO AP 95300",59091,2,12,"Unknown"
221,"Kelsey Jackson","Female",24,"227 Julia Port Suite 106
Lake Jenniferborough, AR 14741",64724,2,9,"Unknown"
222,"Jonathan Taylor","Male",20,"0532 Kyle Spring Suite 080
West Robert, WV 05330",77623,2,19,"Unknown"
223,"Barry Alexander","Male",59,"700 George Pike Apt. 590
Port Zachary, MD 01064",61451,0,1,"Unknown"
224,"Diane Brooks","Female",51,"9900 Olson Knolls
Port Brettchester, WV 52862",114300,1,1,"Unknown"
225,"Jessica Campbell","Female",89,"45277 Amanda Ports
West Eric, OR 69249",76956,3,13,"Unknown"
226,"Joseph Rhodes","Male",51,"2553 Michelle Prairie Suite 352
Matthewton, MS 70778",111678,2,21,"Unknown"
227,"Stephanie Norton","Female",73,"9982 Miller Parkway
New Rickyville, NH 98585",100392,2,7,"Unknown"
228,"Brian Johnson","Male",82,"890 Crawford Ford
East Joannachester, WI 58352",65323,1,21,"Unknown"
229,"Crystal Johnson","Female",76,"8785 Sergio Burgs Suite 111
Meganview, RI 38080",41962,4,19,"Unknown"
230,"Kimberly Hanna","Female",57,"6965 Denise Fields
Frankfort, PW 62575",32443,3,3,"Unknown"
231,"Eric Martinez","Male",62,"PSC 6186, Box 3377
APO AA 14270",40722,1,21,"Unknown"
232,"Jeremy Morrison","Male",35,"5257 Nicole Falls
Port Jose, NV 80136",100286,0,15,"Unknown"
233,"Bobby Fuentes","Male",33,"172 Reynolds Spurs
Melissamouth, MP 92373",4979,4,7,"Unknown"
234,"Amber Rivera","Female",77,"USCGC Gilbert
FPO AE 90538",8269,0,2,"A5-F"
235,"Brooke Morales","Female",50,"8799 Schmitt Squares Apt. 008
West Matthewfort, KY 50150",109183,3,16,"Unknown"
236,"Benjamin Gregory","Male",67,"20658 Madden Keys Apt. 236
Wardfurt, NH 27069",96805,2,16,"Unknown"
237,"Charles Barnett","Male",48,"0610 Billy Burgs
Port Alexis, MP 97075",85766,0,2,"Unknown"
238,"Lisa Gonzalez","Female",79,"0162 Mcconnell Rest Apt. 040
Johnsonview, AL 54317",79199,3,3,"Unknown"
239,"Jared Robinson","Male",58,"5963 Eric Knolls Suite 706
New Margaretshire, TN 10153",102327,4,6,"Unknown"
240,"Jason Jordan","Male",31,"PSC 1553, Box 2572
APO AA 02780",68467,1,6,"Unknown"
241,"Joshua Trevino","Male",88,"10016 Hahn Mount
South Theresaside, TN 57101",89883,0,11,"Unknown"
242,"Shawn Benton","Male",87,"25535 Erica Park
Barrettland, DE 09316",17168,0,19,"A1"
243,"John Henry","Male",33,"830 Chris Club
Port Yolandaton, FL 45185",4860,0,1,"Unknown"
244,"Jennifer Mccoy","Female",39,"17704 Jose Light
Mcdonaldburgh, LA 05919",26334,3,19,"A5-F"
245,"Valerie Booker","Female",62,"068 Mcclain Inlet Suite 695
Tanyabury, GA 48471",22355,0,2,"A5-F"
246,"Alexis Johnson","Female",51,"6444 Rebecca Villages
West Connieport, ND 63256",50994,4,16,"Unknown"
247,"Christopher Moore","Male",63,"170 Linda Locks
Courtneyville, LA 41259",11092,0,7,"A1"
248,"Heather Patterson","Female",38,"811 Amber Springs
North Kimberly, OK 11653",43418,1,13,"Unknown"
249,"Mr. Jeffrey Reed","Male",35,"545 Brown Parks Suite 953
North Barrymouth, PW 69876",79160,0,2,"Unknown"
250,"Dr. Carla Bailey MD","Female",74,"2183 Nelson Trail
Lake Scottberg, NJ 50648",108583,0,7,"Unknown"
251,"Garrett Schneider","Male",74,"6389 Sanders Brook Suite 277
Kellytown, NY 41913",108217,0,12,"Unknown"
252,"Jason Perez","Male",52,"762 Middleton Village
East Tylerbury, TN 91504",10957,3,13,"A1"
253,"David Williams","Male",46,"473 Miller Meadows Apt. 179
New Benjamin, ID 80303",77948,0,7,"Unknown"
254,"Angel Barker","Female",71,"1114 Kent Light
Johnsonhaven, TX 26258",65070,2,10,"Unknown"
255,"Keith Murphy","Male",51,"PSC 0375, Box 5239
APO AP 94381",95411,3,14,"Unknown"
256,"Robert Garcia","Male",77,"612 Frank Mountains
Johnsonhaven, OR 72180",97746,2,18,"Unknown"
257,"Lori Berry","Female",57,"99268 Justin Heights
Lake Linda, UT 57442",112096,1,19,"Unknown"
258,"Michelle Davies","Female",43,"71987 Saunders Plains
Lake Jonathan, VI 78535",71554,4,19,"Unknown"
259,"Lisa Garner","Female",49,"5912 Pollard Mall
Kinghaven, DE 33665",102507,3,11,"Unknown"
260,"Joseph Herrera","Male",54,"49542 Calhoun Turnpike Suite 593
Whitestad, MN 03155",71178,4,13,"Unknown"
261,"Thomas Larson","Male",24,"6824 Mark Tunnel
Perezbury, VI 83735",28122,4,5,"Unknown"
262,"Matthew Evans","Male",86,"596 Lisa Ports Suite 893
North Alexandraport, VA 22784",95506,1,14,"Unknown"
263,"Douglas Mcconnell","Male",34,"113 Clarence Path Apt. 251
East Melvinton, AL 34032",18206,4,8,"A1"
264,"Zachary Reynolds","Male",61,"982 Dawn Canyon Suite 709
Forbesmouth, CT 13279",2523,0,17,"Unknown"
265,"Kristen Dean","Female",65,"6977 Perkins Stravenue Apt. 293
South Ralphmouth, FM 82449",80539,4,20,"Unknown"
266,"Jared Bennett","Male",36,"USNS Chavez
FPO AA 95370",82729,3,19,"Unknown"
267,"James Hawkins","Male",55,"855 Chelsea Greens
North Nathan, GU 60007",65709,1,21,"Unknown"
268,"David Herrera","Male",81,"4740 Amy Track Apt. 688
Ericburgh, CO 81561",47663,4,12,"Unknown"
269,"Barbara Ramirez","Female",60,"Unit 7595 Box 2952
DPO AA 52207",67827,4,8,"Unknown"
270,"David Grimes","Male",57,"037 Shane Points Apt. 565
Staceyview, CO 22045",71344,2,5,"Unknown"
271,"Angela Moon","Female",87,"29374 Robert Spring
Tinaville, AR 01132",18695,1,2,"A1"
272,"Matthew Wolf","Male",67,"06393 Ian Tunnel Apt. 633
Marcusport, FL 39017",6291,0,13,"Unknown"
273,"Kevin Fisher","Male",62,"7163 Watts Islands Apt. 808
Tylerside, UT 08238",118574,0,18,"Unknown"
274,"Bryan Johnson","Male",60,"592 Jordan Vista Apt. 505
Port Sandra, MP 80334",71946,2,3,"Unknown"
275,"Robert Lawrence","Male",69,"922 Ashley Manor
Teresamouth, VI 93138",63975,2,18,"Unknown"
276,"Anthony Thomas","Male",61,"PSC 4472, Box 3340
APO AP 31269",6228,4,4,"Unknown"
277,"Jason Peters","Male",34,"6012 Mcdaniel Fields
Port James, LA 71786",56258,2,16,"Unknown"
278,"Lori Brooks","Female",70,"39504 Amanda Path
West Christopherville, IA 96326",79962,3,18,"Unknown"
279,"Megan Phillips","Female",47,"5088 Linda Lock
Greenchester, PA 97687",106555,0,8,"Unknown"
280,"Joyce Jones","Female",57,"4639 David Estates
East Christophermouth, MS 09715",62182,0,7,"Unknown"
281,"Christina Fields","Female",81,"316 Ellis Plaza Suite 127
South Alexanderland, AZ 85675",47651,4,18,"Unknown"
282,"Kathy Stewart","Female",35,"692 Brown Shoal
East Tracy, MS 81052",16984,4,5,"A1"
283,"Ms. Michelle Mitchell","Female",49,"640 Christine Junctions
Youngfort, UT 20951",58991,4,21,"Unknown"
284,"Kevin Harmon","Male",55,"51832 Moody Shoal Suite 431
Port Melaniefort, ID 16226",62334,1,5,"Unknown"
285,"Kristen Wiggins","Female",84,"9690 Harper Meadows Apt. 586
New Spencershire, IA 58009",44825,4,14,"Unknown"
286,"Emily Miller","Female",40,"6755 Cox Mount
Port Connor, OK 33351",95783,1,8,"Unknown"
287,"Michael Newman","Male",55,"8898 Jamie Pines Apt. 320
Port Timothy, DC 26647",74902,1,19,"Unknown"
288,"David Hernandez","Male",66,"6203 Boyle Row Apt. 219
Rhodesmouth, NY 91249",17299,4,16,"A1"
289,"Stephen Morgan","Male",78,"8523 Kristen Pines
Thomasport, CO 04316",95335,0,1,"Unknown"
290,"Cynthia Robinson","Female",25,"111 Pierce Freeway Suite 724
Richardview, AR 36926",67275,4,8,"Unknown"
291,"Denise Cameron","Female",22,"865 Amanda Parkway Apt. 614
Tinahaven, WA 51341",110787,2,12,"Unknown"
292,"Mark Obrien","Male",31,"25103 Lynch Isle Suite 076
East Tracy, RI 80772",43235,4,13,"Unknown"
293,"Dr. Amanda Cherry","Female",39,"3764 Rebecca Burgs Apt. 744
Nicoleport, FL 07829",12324,4,19,"A1"
294,"David Williamson","Male",28,"512 Jones Prairie Suite 485
Starkborough, NC 53102",29592,1,12,"Unknown"
295,"Shane Williams","Male",56,"83758 Garcia Squares
Douglaston, MT 74205",22896,0,3,"Unknown"
296,"Amanda Thornton","Female",43,"USNS Aguilar
FPO AE 95696",119030,3,6,"Unknown"
297,"Sheri Fuller","Female",34,"35163 Burns Key Apt. 589
New Keith, ME 61376",24885,1,3,"A5-F"
298,"Bradley Williamson","Male",28,"396 Theresa Extensions
Brownville, MS 83118",25305,2,7,"Unknown"
299,"Andrew White","Male",29,"90133 Megan Fork Apt. 648
Angelaside, UT 30474",89246,1,21,"Unknown"
300,"Erica Robinson","Female",88,"Unit 7508 Box 7539
DPO AP 54407",88475,2,19,"Unknown"
301,"Tom Wood","Male",77,"804 Randy Turnpike Suite 248
New Danielland, PW 43768",96487,1,15,"Unknown"
302,"Steven Chambers","Male",52,"4085 Jessica Stravenue Suite 252
Andrewfort, FL 33581",30918,0,3,"Unknown"
303,"Gabrielle Dean","Female",30,"869 Lori Viaduct
Morsefort, LA 28369",69378,1,4,"Unknown"
304,"Tanya Leonard","Female",28,"PSC 1285, Box 3023
APO AP 77545",45461,1,16,"Unknown"
305,"Melanie Johnson","Female",68,"PSC 4460, Box 3093
APO AA 83839",35824,0,1,"Unknown"
306,"Tami Burch","Female",76,"8186 Smith Common
West Justinside, IA 69985",104830,0,18,"Unknown"
307,"Tiffany Greene","Female",44,"7431 Perry Gardens Suite 713
New Denise, KY 69585",20068,4,17,"A5-F"
308,"Peter Pearson","Male",76,"269 Rhonda Orchard Suite 116
Amyshire, VT 67732",72414,0,13,"Unknown"
309,"Andrew Moore","Male",20,"56775 Rachel Groves
South Lisatown, OR 56493",88935,3,7,"Unknown"
310,"James Santos","Male",32,"508 Anthony Streets
Smithland, CO 54440",59239,4,21,"Unknown"
311,"Christopher Oliver","Male",80,"67101 Joseph Gardens Apt. 860
West Robert, AK 70166",112915,2,14,"Unknown"
312,"Joann Carr","Female",61,"2909 Williams Springs Apt. 357
Scottchester, AK 02130",93363,0,2,"Unknown"
313,"Rachel Bell","Female",73,"216 Julie Shoal
Castillomouth, GU 99251",114060,2,11,"Unknown"
314,"Mark Lawson","Male",30,"99215 Davis Way
New Benjamin, TN 68557",24825,0,19,"Unknown"
315,"John Hall","Male",50,"6725 Atkinson Path Apt. 187
West Jasonview, IN 63104",76922,3,12,"Unknown"
316,"Brandi Simpson","Female",81,"PSC 2528, Box 2010
APO AE 61664",80871,0,15,"Unknown"
317,"Catherine Pearson","Female",83,"714 Harding Curve Apt. 536
Lake Kimberlyport, UT 81189",109306,1,10,"Unknown"
318,"Brandi Haynes","Female",58,"Unit 4827 Box 0796
DPO AE 15116",35310,0,5,"Unknown"
319,"Sheila Palmer","Female",78,"706 Steven Hollow
Courtneyberg, NH 21180",111548,4,5,"Unknown"
320,"Harold Weber","Male",82,"Unit 0190 Box 2620
DPO AA 86899",58585,3,6,"Unknown"
321,"Robert Garza","Male",55,"85935 Robin Keys
Whitneyshire, KY 44520",68031,4,13,"Unknown"
322,"Scott Stanton","Male",41,"87741 Michele Rapid Apt. 589
Danielland, NM 30344",28472,1,3,"Unknown"
323,"Gary Palmer","Male",21,"1868 Mike Neck Apt. 704
New Timothy, DC 86425",32321,3,4,"Unknown"
324,"Jim Stewart","Male",65,"7332 Amber Throughway Suite 826
Heatherfurt, VT 26906",100470,1,18,"Unknown"
325,"Charlene Farmer","Female",40,"248 Woodward Ports
Diazton, OK 87108",45506,4,11,"Unknown"
326,"Steven Valdez","Male",62,"Unit 6401 Box 0799
DPO AP 45782",5787,2,1,"Unknown"
327,"Sara Williams","Female",88,"513 Jackson Mission
Lake Johntown, FL 11672",119369,0,15,"Unknown"
328,"Emily Walker","Female",43,"221 Steele Harbors
New Phyllis, HI 43926",70214,3,1,"Unknown"
329,"Richard Saunders","Male",70,"Unit 1180 Box 0559
DPO AP 47319",116124,4,16,"Unknown"
330,"James Miller","Male",67,"7265 Fleming Garden Suite 387
Riveraburgh, MI 29243",6837,3,12,"Unknown"
331,"Todd Gonzales","Male",37,"1128 Saunders Trafficway Apt. 976
Georgechester, OR 49279",98226,4,21,"Unknown"
332,"Emily Zuniga","Female",45,"162 Daniel Ports
South Randall, PR 73163",101284,2,4,"Unknown"
333,"Jason Conley","Male",56,"660 Hamilton Meadows
North Mary, AL 54351",87628,2,9,"Unknown"
334,"Alicia Bradley","Female",42,"22644 Gray Wells Apt. 273
Alecborough, VT 29110",56104,2,7,"Unknown"
335,"Cynthia Patterson","Female",68,"0005 Stevenson River
Jenniferbury, IA 10102",73580,3,12,"Unknown"
336,"Steven Lynch","Male",53,"PSC 1589, Box 5283
APO AP 46728",107865,3,7,"Unknown"
337,"Andrea Griffin","Female",51,"978 Smith Ranch Apt. 831
Edwardhaven, TN 30095",116394,2,5,"Unknown"
338,"Sherry Burke","Female",83,"USS Nielsen
FPO AA 44714",41460,4,15,"Unknown"
339,"Alan Hernandez","Male",76,"75742 Joshua Underpass Apt. 381
Lindaview, PA 23666",34428,2,9,"Unknown"
340,"Jonathan Zimmerman","Male",55,"Unit 2090 Box 0996
DPO AE 83584",21544,1,17,"Unknown"
341,"Timothy Jones","Male",33,"USNS Hall
FPO AE 71405",73858,0,7,"Unknown"
342,"Penny Crawford","Female",76,"60094 Johnson Brooks
North Robert, MT 50533",59557,1,12,"Unknown"
343,"Joshua Lawrence","Male",55,"65281 Roberts Crest
South Angelfort, VI 13656",3161,4,12,"Unknown"
344,"Crystal Green","Female",49,"4743 Roberts Orchard Apt. 028
Mcgeemouth, AZ 44809",94255,3,9,"Unknown"
345,"Kristen Hernandez","Female",73,"706 Wilson Locks Suite 649
Courtneyberg, RI 72467",11869,1,21,"A1"
346,"Cheryl Thompson","Female",85,"PSC 7881, Box 3565
APO AE 83685",35355,2,19,"Unknown"
347,"Jamie Kim","Female",31,"0525 Cohen Grove
Port Elizabeth, KS 68777",119372,1,13,"Unknown"
348,"Anna Black","Female",38,"015 Gonzalez Plaza
Cohenland, NE 52077",31016,3,21,"Unknown"
349,"Marvin Scott","Male",33,"091 Martin Avenue Suite 367
New Markstad, CA 33403",44692,2,17,"Unknown"
350,"Austin Ewing","Male",61,"USNS Powell
FPO AP 56789",81651,2,19,"Unknown"
351,"Ariel Taylor","Female",33,"8656 Diane Inlet
Lake Matthew, VT 85939",73735,0,21,"Unknown"
352,"Samuel Lewis","Male",50,"06326 Lopez Shore Apt. 492
East Antonio, AK 31637",26945,4,8,"Unknown"
353,"Patricia Ward","Female",72,"150 Heather Pass
South Keithview, LA 10399",18940,0,14,"A1"
354,"Michael Jacobson","Male",81,"236 Graham Street
West Amandamouth, MS 80086",22499,2,7,"Unknown"
355,"Jay Johnston","Male",52,"39617 James Curve
New Tina, CO 54882",106908,2,2,"Unknown"
356,"Joseph Bishop","Male",52,"85754 Ryan Cove
Richardview, MS 58245",90348,1,7,"Unknown"
357,"Kevin Yates","Male",24,"82186 Cabrera Ways
Fieldsview, NC 92315",3975,4,6,"Unknown"
358,"Michael Glenn","Male",45,"2211 Lewis Prairie Apt. 516
Harrisonfort, MP 48667",12671,4,18,"A1"
359,"Christina Conway","Female",57,"PSC 2336, Box 3771
APO AE 86663",1749,4,16,"Unknown"
360,"Nina Anderson","Female",51,"9261 Cynthia Light Suite 319
Montgomerychester, VA 19400",10388,4,8,"A1"
361,"Christopher Burnett","Male",66,"23996 Patel Estate Suite 743
South Melissa, PR 01115",7109,1,8,"Unknown"
362,"Susan Rogers","Female",25,"9115 Hickman Club Suite 267
West Crystal, KY 22887",93293,4,21,"Unknown"
363,"Michael Diaz","Male",74,"5387 Erin Key
Staffordton, NC 83970",113803,1,4,"Unknown"
364,"Yolanda Miller","Female",33,"9656 Adkins Bridge Apt. 631
Princemouth, MA 52012",32681,0,14,"Unknown"
365,"Tamara Crosby","Female",42,"0240 Jane Forges Apt. 174
New Autumn, KY 36852",58335,4,9,"Unknown"
366,"Glenn Hansen","Male",58,"5137 Dylan Isle
Rhodeschester, NM 87385",68563,1,14,"Unknown"
367,"Jeffrey Castillo","Male",26,"49785 Dana Loaf Apt. 927
East Corey, IL 29547",74013,0,20,"Unknown"
368,"Sandra Rodriguez","Female",47,"0685 John Key Suite 124
Lopezshire, AS 83671",20635,0,3,"A5-F"
369,"Annette Ford","Female",78,"9076 Richard Brooks Apt. 136
New Dean, MS 92722",45441,3,3,"Unknown"
370,"William Jackson","Male",51,"6466 Amanda Green Suite 915
Paulamouth, LA 36396",92755,4,6,"Unknown"
371,"Hannah Bender","Female",48,"082 Margaret Estates
Penaberg, GU 21863",69812,4,20,"Unknown"
372,"David Winters","Male",44,"950 Ward Locks
Lake Waynemouth, CT 62658",78804,3,8,"Unknown"
373,"Natalie Dominguez","Female",89,"9605 Hodge Lodge Suite 183
Hectorland, AR 44499",119682,0,8,"Unknown"
374,"Amber Walker","Female",87,"09289 Tara Rapid Suite 221
Madelineton, WI 68635",58322,1,13,"Unknown"
375,"Shannon Harvey","Female",83,"55429 Sabrina Oval Suite 058
Nancyfurt, IN 58138",113455,2,18,"Unknown"
376,"John Fisher","Male",66,"006 Roger Mission
South Kathy, CT 10998",70793,0,7,"Unknown"
377,"Melissa Stevens","Female",46,"1339 Matthew Lakes Suite 745
North Matthew, OR 50183",5313,4,10,"Unknown"
378,"Dale Keith DDS","Male",56,"PSC 9280, Box 2264
APO AE 62513",95311,0,11,"Unknown"
379,"Rebecca Flores","Female",39,"5440 Maldonado Islands Suite 249
Harrisbury, GU 99635",114319,3,2,"Unknown"
380,"Susan Guerrero","Female",40,"358 Thompson Greens
West Kristina, AK 60099",74366,1,15,"Unknown"
381,"Alexandria Stone","Female",24,"626 Hansen Rapids Suite 604
Wellsstad, MS 88813",109451,3,9,"Unknown"
382,"Audrey Alexander","Female",54,"92097 Sara Greens Suite 938
Loganburgh, UT 84283",80974,1,5,"Unknown"
383,"Bryan Castillo","Male",70,"23959 Blackburn Valleys Apt. 797
East Jacqueline, ID 99566",72207,4,1,"Unknown"
384,"Jeffrey Harris","Male",73,"795 Joseph Parks
Christophershire, AS 55745",102828,2,17,"Unknown"
385,"Danielle Brock","Female",42,"9649 Vega Meadows Apt. 405
Pagemouth, PA 56543",16674,2,19,"A1"
386,"Gregory Adams","Male",88,"89083 Woodward Turnpike
Moraleston, MO 58141",24382,0,5,"Unknown"
387,"Jennifer Nelson","Female",45,"04295 Pamela Shoal Suite 445
Hendersonside, HI 23470",15053,2,12,"A1"
388,"Lindsay Sullivan","Female",32,"28984 Jaime View
Sullivanshire, WI 32692",69777,4,12,"Unknown"
389,"Keith Robinson","Male",72,"1100 Gonzales Forge
Port Melinda, OK 48859",103198,4,12,"Unknown"
390,"Hannah Mcguire","Female",54,"6653 Sherman Valley
West Katieville, VT 61303",47420,3,3,"Unknown"
391,"Christopher Jones","Male",56,"254 Evans Park Apt. 809
West Lorrainechester, WI 83291",75339,2,2,"Unknown"
392,"Carrie Foster","Female",78,"077 Malone Station Apt. 659
New Brittany, MP 61174",79243,2,21,"Unknown"
393,"Austin Clark","Male",53,"Unit 9453 Box 4008
DPO AA 41279",20312,0,14,"Unknown"
394,"Dave Davis","Male",52,"Unit 6138 Box 2649
DPO AE 70247",69991,1,4,"Unknown"
395,"Rhonda White","Female",51,"52528 Timothy Trafficway
Michelleton, CA 58448",10263,3,13,"A1"
396,"Eugene Cook","Male",67,"856 Huynh Loaf Apt. 990
Michaelport, OK 78648",65391,0,3,"Unknown"
397,"Lisa Pierce","Female",36,"919 Julie Parks Apt. 072
New Jake, SC 23498",110752,2,11,"Unknown"
398,"Stanley Lucas","Male",45,"190 Peter Stream
South Paulmouth, IL 02901",32384,2,12,"Unknown"
399,"Beth Mccarty","Female",28,"51048 Patrick Cliff Apt. 114
Lake Lucas, NJ 42422",117716,4,9,"Unknown"
400,"Monica Tate","Female",83,"4959 Gary Motorway Suite 587
Robertmouth, NJ 43683",37606,1,12,"Unknown"
